ChargerID,ChargerCompany,Location,ChargerType
291,1,public institution,0
191,1,resort,0
320,1,camping,0
433,1,camping,0
250,1,public area,0
248,1,public institution,0
312,1,public area,0
260,1,public institution,0
211,1,company,0
64,1,apartment,0
204,1,company,0
238,1,public area,0
22,1,hotel,0
347,0,apartment,0
315,1,resort,0
377,1,public area,0
1220,1,public area,0
258,1,public area,0
118,1,public institution,0
3,1,company,0
492,1,company,0
551,0,public institution,0
69,1,apartment,0
305,0,resort,0
107,1,public area,0
974,0,resort,0
1555,0,public parking lot,1
269,0,company,0
936,0,public institution,1
667,1,company,0
491,1,company,0
1680,1,company,0
29,1,resort,0
331,1,company,0
101,1,company,0
1754,0,restaurant,0
1047,0,public area,1
664,1,company,0
354,0,apartment,0
33,1,apartment,0
571,1,company,0
475,1,public area,0
96,1,public area,0
108,1,restaurant,0
2114,0,resort,0
1553,0,restaurant,1
284,0,resort,0
283,0,resort,0
14,1,public area,0
619,0,public parking lot,1
512,1,public area,0
1421,0,public area,1
1480,0,public area,1
185,1,golf,0
56,1,public area,0
613,0,hotel,0
1264,0,sightseeing,1
286,0,hotel,0
84,1,public area,0
270,1,company,0
214,1,public area,0
9,1,hotel,0
161,1,public area,0
450,0,public parking lot,1
93,1,company,0
513,1,public area,0
26,1,public area,0
1118,0,public parking lot,1
1488,0,public parking lot,1
1254,0,resort,0
2016,0,public area,1
1973,0,public area,1
431,1,camping,0
579,1,apartment,0
300,0,hotel,0
205,1,public area,0
1141,0,public parking lot,0
663,1,company,0
2121,0,public parking lot,0
1250,0,sightseeing,0
357,0,public area,0
44,1,apartment,0
580,1,apartment,0
900,0,public parking lot,1
578,1,apartment,0
728,0,public parking lot,1
123,1,apartment,0
933,0,public institution,1
46,1,hotel,0
581,1,apartment,0
1051,0,public institution,1
59,1,apartment,0
350,0,apartment,0
52,1,apartment,0
430,1,camping,0
82,1,apartment,0
32,1,hotel,0
114,1,apartment,0
18,1,hotel,0
682,0,public parking lot,1
306,1,apartment,0
665,1,company,0
573,1,market,0
79,1,resort,0
1745,0,restaurant,1
177,1,apartment,0
140,1,apartment,0
20,1,resort,0
116,1,company,0
21,1,apartment,0
100,1,company,0
303,0,resort,0
83,1,public area,0
217,1,hotel,0
164,1,resort,0
343,0,apartment,0
10,1,hotel,0
267,1,company,0
5,1,apartment,0
171,1,golf,0
13,1,apartment,0
1512,0,hotel,0
80,1,public area,0
198,1,restaurant,0
1919,0,public parking lot,1
48,1,apartment,0
153,1,public area,0
1004,0,public parking lot,1
565,0,public area,1
237,1,company,0
34,1,restaurant,0
393,0,public institution,0
773,0,restaurant,1
592,0,sightseeing,1
88,1,apartment,0
327,1,market,0
564,0,public area,1
1289,0,public institution,0
253,1,resort,0
1646,0,public area,1
1393,0,resort,0
1983,0,public area,0
233,1,public area,0
550,0,public institution,1
452,0,public area,1
1412,0,public area,1
178,1,public area,0
105,1,hotel,0
68,1,resort,0
453,0,public parking lot,1
109,1,hotel,0
263,1,hotel,0
1140,0,public parking lot,0
37,1,company,0
287,1,apartment,0
224,1,public area,0
1093,0,sightseeing,1
662,1,company,0
813,0,public institution,0
128,1,hotel,0
1010,0,public institution,1
102,1,hotel,0
699,0,public parking lot,0
249,1,public institution,0
202,1,hotel,0
285,0,hotel,0
906,0,public institution,1
290,0,resort,0
2306,0,resort,0
1041,0,public parking lot,0
157,1,public institution,0
2315,0,public institution,1
2670,0,sightseeing,1
960,0,public area,1
2360,0,sightseeing,0
230,1,public area,0
1084,0,public area,1
16,1,apartment,0
45,1,company,0
90,1,public area,0
602,0,sightseeing,1
1892,0,public parking lot,0
232,1,apartment,0
904,0,public institution,1
456,0,hotel,0
530,0,public parking lot,1
1082,0,public institution,1
99,1,hotel,0
251,1,market,0
50,1,public area,0
326,1,public area,0
1079,0,public institution,1
1251,0,public institution,1
666,1,company,0
678,0,public parking lot,1
1014,0,public parking lot,1
1146,0,public institution,0
937,0,public institution,1
556,0,public institution,0
423,0,public area,1
126,1,resort,0
1103,0,public area,1
74,1,apartment,0
1516,0,sightseeing,0
1263,0,public parking lot,1
1813,0,public area,1
451,0,public parking lot,1
194,1,company,0
2584,0,company,0
1642,0,public area,1
1259,0,public area,1
349,1,hotel,0
307,1,public area,0
72,1,accommodation,0
242,1,golf,0
973,0,golf,0
555,0,public institution,0
81,1,company,0
1288,0,public institution,0
454,0,public parking lot,0
1610,0,company,0
1349,0,public institution,1
877,0,public parking lot,1
2607,0,market,1
117,1,public area,0
598,0,public area,1
23,1,public area,0
348,1,public area,0
246,1,resort,0
394,0,public area,1
1457,0,public parking lot,0
701,0,market,1
1116,0,public area,1
7,1,resort,0
154,1,public area,0
334,1,apartment,0
1164,0,resort,0
24,1,public institution,0
188,1,public area,0
363,0,public parking lot,1
1392,1,golf,0
2284,1,company,0
203,1,company,0
2448,0,resort,0
1589,0,restaurant,0
301,0,resort,0
221,1,public area,0
552,0,public institution,0
304,0,resort,0
236,1,market,0
1576,0,public institution,1
907,0,public area,1
425,0,public parking lot,1
244,1,company,0
28,1,apartment,0
958,0,public institution,0
455,0,hotel,0
146,1,company,0
1127,0,public area,1
190,1,company,0
483,1,hotel,0
2011,0,public institution,1
1513,0,hotel,1
1290,0,public area,0
1383,0,restaurant,1
1312,0,public institution,0
155,1,apartment,0
538,0,public parking lot,1
2587,0,sightseeing,1
1556,0,sightseeing,1
2320,0,market,1
1845,0,company,0
277,1,public area,0
1489,0,public parking lot,1
264,1,hotel,0
147,1,public institution,0
134,1,public institution,0
1265,0,public area,1
1088,0,public institution,1
189,1,public institution,0
1972,0,public area,1
159,1,public area,0
2553,0,sightseeing,1
103,1,public institution,0
61,1,hotel,0
317,0,hotel,0
1923,0,public parking lot,1
946,0,public parking lot,1
1848,0,public parking lot,1
1260,0,sightseeing,1
620,0,public parking lot,0
329,1,company,0
136,1,hotel,0
1714,0,resort,1
415,0,public area,1
1298,0,public parking lot,1
563,0,public institution,1
2007,0,public parking lot,1
65,1,public area,0
1064,0,public area,1
771,0,public area,1
1612,0,company,0
536,0,public area,1
2019,0,public area,1
206,1,resort,0
112,1,company,0
444,0,public area,1
77,1,public institution,0
832,0,sightseeing,1
879,0,public area,1
1132,0,public area,0
913,0,sightseeing,1
361,0,public parking lot,1
1417,0,public area,1
1506,0,restaurant,1
235,1,public area,0
687,0,public parking lot,1
839,0,public institution,1
2485,0,sightseeing,1
111,1,hotel,0
182,0,company,0
1070,0,market,1
2519,0,public area,1
125,1,hotel,0
401,0,public parking lot,1
1396,0,public area,1
966,0,company,1
622,0,public parking lot,1
481,1,golf,0
85,1,public area,0
319,0,public area,0
629,0,resort,0
557,0,public institution,0
298,1,public area,0
1947,0,resort,0
1390,0,public institution,0
621,0,restaurant,1
549,0,public area,1
158,1,public area,0
356,1,public area,0
1517,0,public parking lot,1
1214,0,public parking lot,0
1045,0,public area,1
113,1,resort,0
531,0,hotel,1
120,1,public area,0
1703,0,company,1
422,0,sightseeing,1
2002,0,public institution,1
1233,1,public area,0
1245,0,public area,1
152,1,public institution,0
1002,0,public parking lot,1
170,1,public area,0
2064,0,public area,0
464,0,public institution,1
17,1,company,0
1003,0,public parking lot,1
2594,0,public parking lot,1
1050,0,restaurant,1
570,0,public institution,1
489,1,restaurant,0
210,1,hotel,0
1615,0,public area,1
469,0,public institution,1
181,1,public area,0
882,0,public institution,1
766,0,public institution,1
1479,0,public parking lot,1
310,1,restaurant,0
1114,0,public parking lot,1
1563,0,resort,0
908,0,public area,1
1926,0,public parking lot,0
199,1,public institution,0
200,1,apartment,0
328,0,hotel,0
1700,0,bus garage,1
1592,0,public institution,0
866,0,public parking lot,1
213,1,public area,0
27,1,restaurant,0
1882,0,public area,0
1350,0,public institution,0
1602,0,hotel,1
1472,0,public area,1
1730,0,restaurant,1
322,0,hotel,0
1536,0,company,0
1006,0,public parking lot,1
2115,0,apartment,1
2617,0,public area,1
1471,0,public institution,0
1360,0,public institution,1
763,0,public institution,1
92,1,apartment,0
1299,0,public institution,1
1236,0,public area,1
514,0,resort,0
1550,0,public parking lot,0
1644,0,public institution,1
1249,0,camping,1
449,0,restaurant,1
2325,0,public institution,1
180,1,company,0
1261,0,public parking lot,1
1365,0,public institution,0
604,0,public parking lot,1
567,0,public institution,1
1091,0,public parking lot,1
1657,0,hotel,0
812,0,public parking lot,0
1373,0,restaurant,1
1659,0,public parking lot,1
1119,0,public area,1
1611,0,company,0
1109,0,public institution,1
2439,0,sightseeing,0
967,0,public parking lot,1
2414,0,apartment,1
989,0,apartment,1
1210,0,resort,0
2507,0,hotel,1
1739,0,company,0
254,1,restaurant,0
1937,0,public institution,1
424,0,public parking lot,1
121,1,hotel,0
222,1,company,0
1691,0,sightseeing,1
395,0,public area,1
1478,0,public parking lot,1
1072,0,public institution,1
1017,0,public area,1
1428,0,public parking lot,1
227,1,company,0
1551,0,public parking lot,0
1999,0,public area,1
1433,0,public parking lot,1
477,1,apartment,0
1212,0,resort,0
2218,0,market,0
824,0,resort,0
1762,0,public area,1
997,0,public parking lot,1
582,0,public institution,1
962,0,company,1
1886,0,public area,0
1065,0,public institution,1
384,0,public area,1
1929,0,public parking lot,0
1651,0,public institution,0
1827,0,public parking lot,1
1095,0,sightseeing,1
827,0,public area,1
1484,0,public institution,0
275,1,public area,0
311,1,public area,0
902,0,public area,1
400,0,public area,1
1306,0,sightseeing,0
961,0,public institution,0
308,1,company,0
1422,0,public institution,0
562,0,public institution,1
175,1,public area,0
309,1,golf,0
671,0,sightseeing,1
1922,0,public parking lot,1
978,0,public institution,1
457,0,public area,1
1038,0,apartment,1
675,0,restaurant,1
561,0,public institution,1
479,1,hotel,0
898,0,apartment,1
2504,0,market,0
387,0,public area,1
1731,0,public institution,0
219,1,public area,0
1584,0,resort,1
1083,0,public institution,1
2671,0,company,1
783,0,apartment,0
1309,0,hotel,0
764,1,public institution,0
2068,1,golf,0
829,0,public institution,1
657,0,public parking lot,1
1340,0,hotel,0
1466,0,public area,1
2629,0,public institution,0
1104,0,market,1
1240,0,public parking lot,1
252,1,public area,0
1655,0,resort,0
2581,0,apartment,1
548,0,public institution,0
119,1,public institution,0
385,0,public institution,1
899,0,sightseeing,1
2575,0,apartment,1
95,1,hotel,0
25,1,hotel,0
1,1,hotel,0
42,1,hotel,0
1649,0,public institution,0
150,1,resort,0
38,1,hotel,0
1345,0,company,1
2164,1,public area,0
815,0,public institution,0
414,0,sightseeing,0
798,0,sightseeing,0
1331,0,resort,1
503,0,public parking lot,1
1645,0,public institution,0
1073,1,resort,0
1617,0,public area,1
674,0,public area,1
1666,0,hotel,0
1071,0,market,1
127,1,resort,0
631,0,hotel,0
1131,0,public area,0
257,1,company,0
2407,0,resort,0
278,1,apartment,0
1432,0,public parking lot,1
160,1,sightseeing,0
759,0,public area,1
2022,0,public parking lot,1
840,0,company,1
2347,0,restaurant,0
1884,0,public institution,1
273,1,resort,0
66,1,resort,0
30,1,resort,0
163,1,resort,0
19,1,resort,0
1699,0,public institution,1
168,1,public area,0
372,1,apartment,0
373,1,apartment,0
374,1,apartment,0
375,1,apartment,0
1436,0,bus garage,1
359,1,apartment,0
360,1,apartment,0
371,1,apartment,0
370,1,apartment,0
376,1,apartment,0
418,0,public institution,1
2582,0,apartment,1
1362,0,public institution,1
1018,0,resort,0
1616,0,public area,1
596,0,public parking lot,1
2326,0,sightseeing,1
62,1,public area,0
934,0,hotel,1
156,1,hotel,0
1062,0,public parking lot,1
365,0,public area,1
1420,0,public area,1
439,0,hotel,1
554,0,public institution,1
1475,0,public parking lot,1
1043,0,public parking lot,0
957,0,public parking lot,1
1477,0,bus garage,1
1435,0,bus garage,1
167,1,resort,0
1574,0,public parking lot,1
1575,0,public parking lot,1
1504,0,public institution,1
1028,0,company,0
166,1,company,0
2574,0,apartment,1
176,1,public area,0
1154,0,restaurant,0
1694,0,public area,1
521,0,public area,1
995,0,public institution,1
137,1,public area,0
880,0,sightseeing,1
1397,0,market,1
1741,0,public institution,1
765,0,market,1
2321,0,public area,1
482,1,company,0
281,1,restaurant,0
1767,0,market,1
1641,0,golf,1
145,1,public area,0
843,0,public parking lot,1
2396,0,sightseeing,1
1885,0,public institution,1
173,1,public area,0
2202,0,public parking lot,1
132,1,public area,0
432,1,camping,0
1139,0,public parking lot,0
1643,0,hotel,1
2063,0,sightseeing,0
587,0,public area,1
996,0,public parking lot,1
1893,0,company,0
1075,0,public area,1
731,0,apartment,1
2009,0,public area,0
2010,0,public area,1
110,1,golf,0
2014,0,public institution,1
980,0,public parking lot,1
2569,0,company,0
1313,0,public institution,0
208,1,golf,0
768,0,hotel,1
1473,0,public institution,0
1791,1,public area,0
1650,0,public institution,0
2431,0,apartment,0
2228,0,public parking lot,1
1427,0,public institution,0
1748,0,restaurant,0
1782,0,market,0
1204,0,public area,0
1056,0,public institution,1
861,0,public area,0
2461,0,public area,1
1283,0,public institution,0
651,0,public area,1
988,0,public parking lot,1
1147,0,public institution,0
1211,0,resort,0
1737,0,public institution,1
1296,0,public institution,1
700,0,public area,1
607,0,company,1
1160,0,public area,1
2432,0,apartment,0
1982,0,golf,1
1101,0,market,1
2117,0,hotel,0
1157,0,sightseeing,0
1560,0,resort,0
559,0,public institution,1
1148,0,public area,0
1048,0,market,1
1372,0,public institution,0
970,0,public institution,1
1591,0,restaurant,0
49,1,public area,0
2200,0,public area,1
2395,0,apartment,0
1631,0,sightseeing,0
1322,0,public area,1
725,0,public institution,1
1055,0,public institution,1
1301,0,public institution,0
911,0,public institution,0
746,0,public parking lot,1
590,0,market,1
129,1,golf,0
948,0,public institution,0
560,0,public institution,1
2383,0,resort,1
1238,0,public area,1
362,0,public institution,0
366,0,market,1
2051,0,restaurant,1
1763,0,public area,1
985,0,apartment,1
1547,0,public parking lot,0
1202,0,public institution,0
2609,0,apartment,0
1746,0,public parking lot,1
644,0,restaurant,1
1077,0,public institution,1
2506,0,company,1
1577,0,company,0
2260,0,apartment,0
1087,0,sightseeing,0
265,1,public area,0
2475,0,restaurant,0
1323,0,public area,1
1889,0,sightseeing,0
2621,0,public parking lot,1
964,0,public institution,1
1991,1,public area,0
1388,0,public parking lot,1
225,1,public area,0
15,1,company,0
2478,0,hotel,0
2447,0,public institution,1
1727,0,hotel,0
2150,0,public institution,1
1359,0,public area,1
1293,0,apartment,1
1194,0,public institution,0
713,0,public area,0
947,0,company,1
826,0,public area,1
1525,0,public area,1
398,0,public institution,1
1089,0,public institution,1
1009,0,sightseeing,1
1037,0,apartment,1
1819,0,public institution,0
1830,0,resort,0
2282,0,sightseeing,1
1192,0,resort,0
2162,0,resort,0
2505,0,accommodation,0
1773,0,public institution,1
1490,0,public area,1
1419,0,public institution,1
522,0,public parking lot,1
1930,0,public area,1
1831,0,sightseeing,0
863,0,market,1
2298,0,market,1
738,0,apartment,0
1106,0,public institution,1
1005,0,public institution,1
1458,0,public area,0
1467,0,company,1
686,0,public area,1
1784,0,apartment,0
971,0,public area,1
871,0,public area,1
1108,0,resort,1
1327,0,sightseeing,1
914,0,market,1
2209,0,market,1
1744,0,market,1
1066,0,resort,1
951,0,apartment,0
2377,0,public parking lot,1
1459,0,public area,0
380,0,public area,1
1598,0,resort,0
819,0,public area,0
1448,0,public parking lot,1
905,0,market,1
382,0,public area,1
1152,0,restaurant,0
921,0,hotel,1
1205,0,company,0
918,0,market,1
1787,0,apartment,0
2391,0,hotel,0
714,0,public institution,0
1411,0,resort,0
2390,0,apartment,0
1219,0,public parking lot,0
719,0,public area,0
2308,0,apartment,0
791,0,apartment,0
1096,0,market,1
2046,0,public area,0
1217,0,company,0
1469,0,public institution,1
670,0,public area,1
1570,0,public parking lot,1
1285,0,public area,0
925,0,market,1
1568,0,public institution,0
862,0,public institution,1
677,0,public parking lot,1
1405,0,public parking lot,1
835,0,market,1
1355,0,company,1
740,0,apartment,0
389,0,public institution,0
2294,0,public parking lot,1
732,0,public institution,1
1804,0,public area,0
724,0,public institution,0
1032,0,apartment,0
402,0,public institution,1
1430,0,golf,0
741,0,apartment,0
708,0,resort,0
1026,0,apartment,0
991,0,public institution,1
1366,0,market,1
1328,0,public institution,0
787,0,restaurant,0
1912,0,public institution,1
638,0,public area,0
668,0,market,1
397,0,apartment,0
2148,0,public area,1
640,0,company,1
1634,0,public area,0
779,0,market,1
816,0,public institution,0
1021,0,apartment,0
870,0,company,1
1282,0,public area,0
2356,0,sightseeing,1
994,0,public institution,1
2449,0,apartment,0
1368,0,public parking lot,1
1324,0,public area,1
2136,0,apartment,0
1241,0,public institution,1
1229,0,market,1
912,0,market,1
1454,0,public institution,1
2095,0,apartment,1
646,0,public institution,0
845,0,market,1
735,0,apartment,0
1511,0,apartment,0
1920,0,public institution,1
2647,0,apartment,0
2389,0,apartment,0
938,0,public area,1
2540,0,public institution,0
1648,0,public institution,0
1805,0,sightseeing,1
1020,0,sightseeing,1
2165,0,company,0
2210,0,public area,1
2173,0,public area,1
1169,0,public institution,1
1256,0,sightseeing,1
683,0,sightseeing,1
1674,0,public area,1
528,0,public area,1
1332,0,public parking lot,1
2577,0,public institution,0
436,0,public area,1
1981,0,public institution,1
1352,0,public institution,1
2229,0,market,1
1225,0,public institution,1
532,0,public area,1
2537,0,public institution,0
893,0,resort,0
1358,0,hotel,1
1503,0,public area,1
1823,0,public institution,0
1067,0,restaurant,1
1462,0,public area,1
2433,0,sightseeing,0
541,0,public parking lot,1
1226,0,market,1
2052,0,market,1
2406,0,resort,0
702,0,market,1
820,0,public institution,0
1059,0,public institution,0
1284,0,public area,0
886,0,public institution,1
2426,0,public institution,0
462,0,public institution,0
1671,0,public institution,0
618,0,public institution,0
1891,0,public area,0
1060,0,market,1
821,0,public institution,0
1049,0,market,1
1783,0,restaurant,0
2193,0,public parking lot,0
577,0,sightseeing,0
930,0,resort,0
1697,0,public institution,1
2583,0,apartment,0
716,0,resort,0
1572,0,apartment,0
769,0,public area,1
1201,0,public institution,0
2597,0,public institution,1
2570,0,apartment,0
508,0,public area,1
2450,0,apartment,1
894,0,restaurant,0
2373,0,public institution,0
1348,0,market,1
533,0,public area,1
689,0,market,1
392,0,public institution,0
990,0,public institution,0
1931,0,public parking lot,1
2191,0,hotel,0
1394,0,public parking lot,0
1143,0,hotel,1
929,0,market,1
2255,0,public institution,0
2147,0,public institution,0
1188,0,hotel,1
892,0,restaurant,1
953,0,public area,1
993,0,public area,1
404,0,sightseeing,0
1168,0,market,1
427,0,public institution,0
959,0,public area,1
1811,0,public area,1
378,0,public institution,1
722,0,public area,0
778,0,market,1
1862,0,public area,0
1206,1,hotel,0
1344,0,market,1
599,0,resort,0
421,0,public area,1
2272,0,market,1
1548,0,public area,0
919,0,sightseeing,1
2606,0,apartment,0
1230,0,public parking lot,1
1416,0,sightseeing,0
1905,0,public institution,0
1342,0,market,1
1620,0,public area,1
891,0,market,1
2186,0,public institution,0
574,0,resort,0
1398,0,public area,1
1785,0,apartment,0
833,0,market,1
2630,0,apartment,0
1450,0,public parking lot,1
1532,0,public area,1
2086,0,public area,1
941,0,public institution,0
2344,0,restaurant,0
1732,0,public institution,0
1179,0,public area,0
1100,0,public institution,1
775,0,market,1
1061,0,restaurant,1
606,0,resort,1
2359,0,public parking lot,0
2313,0,public institution,1
1491,0,market,1
1304,0,restaurant,0
1470,0,public institution,0
1790,0,public parking lot,0
2084,0,public area,1
8,1,hotel,0
777,0,public institution,1
1911,0,public institution,1
1461,0,public institution,0
2015,0,public institution,0
1378,0,company,1
1729,0,public area,1
2135,0,sightseeing,0
1451,0,public area,1
1453,0,public institution,0
822,0,company,0
2231,0,company,1
1092,0,public area,0
1068,0,market,1
1335,0,public area,1
1635,0,public institution,0
1183,0,public institution,0
838,0,public institution,1
968,0,public area,1
693,0,public area,1
1431,0,apartment,0
417,0,public parking lot,1
506,0,resort,1
495,0,resort,1
1636,0,public area,0
2079,0,company,1
1057,0,market,1
473,0,market,1
1883,0,public area,0
1367,0,apartment,1
799,0,resort,0
969,0,public area,1
1215,0,public parking lot,0
703,0,restaurant,0
956,0,public institution,0
1031,0,market,1
823,0,sightseeing,0
1303,0,restaurant,0
704,0,company,0
1385,0,public parking lot,1
1123,0,restaurant,1
1786,0,apartment,0
2497,0,sightseeing,1
642,0,company,1
396,0,apartment,0
517,0,public parking lot,0
187,1,company,0
1857,0,public area,1
388,0,public institution,1
1418,0,resort,0
1286,0,public institution,0
2605,0,apartment,0
1069,0,public institution,1
2062,0,public area,0
416,0,public institution,1
1375,0,company,1
434,0,public institution,1
1609,0,hotel,0
723,0,public institution,0
1603,0,resort,0
546,0,public parking lot,1
413,0,public area,1
2371,0,market,1
780,0,market,1
1209,0,resort,0
774,0,market,1
2066,0,public institution,1
1464,0,public institution,1
650,0,public institution,1
2547,0,sightseeing,1
2021,0,sightseeing,0
518,0,sightseeing,0
1474,0,public area,1
935,0,hotel,0
844,0,sightseeing,1
1406,0,public institution,1
1715,0,hotel,0
1939,0,restaurant,0
1391,0,sightseeing,0
1828,0,restaurant,0
447,0,public area,1
537,0,public parking lot,1
950,0,apartment,0
2056,0,bus garage,1
1590,0,market,1
262,1,restaurant,0
1740,0,public area,1
2223,0,company,1
358,0,public institution,0
1604,0,public institution,0
1029,0,public institution,1
2152,0,public area,0
1818,0,public institution,0
658,0,public institution,1
1726,0,hotel,0
2372,0,apartment,1
1395,0,sightseeing,0
569,0,restaurant,0
1149,0,market,0
1722,0,public area,0
1712,0,public institution,1
625,0,resort,0
1253,0,hotel,1
1287,0,public area,0
1846,0,golf,0
836,0,public parking lot,1
468,0,public institution,0
1361,0,sightseeing,1
1815,0,public area,0
2286,0,resort,0
1708,0,public area,1
139,1,public area,0
428,0,resort,0
2077,0,market,1
1078,0,public area,1
1851,0,public area,0
730,0,public area,0
1958,0,company,0
1098,0,public institution,1
643,0,public area,1
1076,0,public area,1
2023,0,hotel,0
896,0,market,1
1849,0,market,1
575,0,resort,0
992,0,public institution,0
1090,0,public area,1
1978,0,public institution,0
1582,0,public institution,1
601,0,public parking lot,1
1384,0,public institution,1
1080,0,sightseeing,0
679,0,market,1
438,0,public institution,1
1460,0,public area,0
806,0,public institution,0
1446,0,public institution,0
1053,0,market,1
801,0,public institution,0
1137,0,public parking lot,1
782,0,hotel,0
1369,0,public parking lot,1
1593,0,sightseeing,1
2494,1,resort,0
1789,0,apartment,0
443,0,public parking lot,1
2649,0,public institution,0
1873,0,restaurant,0
1129,0,apartment,1
568,0,public institution,1
1407,0,public parking lot,1
1386,0,hotel,1
975,0,public area,0
1698,0,public parking lot,1
1757,0,restaurant,1
2116,0,public institution,1
2612,0,public institution,0
1025,0,public area,1
1934,0,public area,0
507,0,public area,1
2613,0,apartment,0
437,0,public area,1
926,0,market,1
429,0,public institution,0
717,0,resort,0
1305,0,public institution,0
1239,0,public parking lot,1
2501,0,public institution,0
1540,0,company,0
1181,0,public area,0
659,0,sightseeing,0
1311,0,sightseeing,1
2087,0,resort,0
876,0,market,1
2140,0,restaurant,0
2120,0,restaurant,0
611,0,restaurant,0
2369,0,restaurant,0
909,0,restaurant,0
2024,0,sightseeing,0
917,0,resort,1
2033,0,restaurant,0
1812,0,public area,0
2580,0,public institution,0
1387,0,sightseeing,1
1753,0,restaurant,1
1195,0,public area,1
770,0,public parking lot,1
696,0,public area,1
1915,0,public institution,1
715,0,resort,0
589,0,sightseeing,0
803,0,sightseeing,0
2040,0,sightseeing,1
566,0,public institution,1
1142,0,public area,0
734,0,hotel,1
1380,0,public institution,1
523,0,public area,1
705,0,resort,0
1128,0,public area,1
789,0,public parking lot,1
1097,0,public parking lot,1
1487,0,sightseeing,0
1163,0,public institution,1
446,0,public institution,1
1228,0,market,1
841,0,public area,1
920,0,public institution,1
2230,0,restaurant,0
1042,0,market,1
445,0,public area,1
2003,0,public area,1
760,0,public area,1
972,0,public institution,1
409,0,public area,1
1166,0,apartment,1
977,0,public institution,1
721,0,public institution,0
1019,1,restaurant,0
509,0,public area,1
931,0,market,1
1414,0,public area,1
2132,0,hotel,0
1954,0,public institution,1
369,0,public area,1
1381,0,public area,1
2578,0,public institution,0
474,0,apartment,1
851,0,public area,0
1052,0,public institution,1
767,0,market,1
279,1,hotel,0
1094,0,hotel,0
1234,0,public institution,1
1341,0,hotel,0
2295,0,public area,0
1587,0,public institution,1
1434,0,public parking lot,1
1743,0,public area,1
2008,0,public institution,1
1178,0,public institution,0
982,0,public institution,1
2245,0,public area,0
539,0,sightseeing,1
2113,0,resort,0
2232,0,public parking lot,1
76,1,resort,0
1955,0,public institution,1
461,0,public area,1
627,0,public parking lot,1
1136,0,public area,1
1252,0,public area,1
1759,0,public parking lot,1
1521,0,sightseeing,1
814,0,public institution,0
818,0,camping,0
1661,0,sightseeing,0
612,0,public area,1
781,0,sightseeing,1
1001,0,public area,1
726,0,public area,1
2167,0,public area,1
641,0,public institution,1
718,0,resort,0
1389,0,public institution,0
733,0,public institution,0
1538,0,company,0
1701,0,hotel,0
435,0,public institution,1
1374,0,company,1
1297,0,public institution,1
1523,0,sightseeing,1
2601,0,company,1
448,0,public institution,1
1326,0,public institution,0
1662,0,resort,0
811,0,public area,0
1153,0,restaurant,0
1638,0,public area,1
2155,0,resort,0
1046,0,public area,1
1022,0,public institution,1
1933,0,public institution,0
1370,0,public parking lot,1
1247,0,public institution,1
755,0,public institution,1
1689,0,resort,1
2458,0,public institution,1
405,0,public parking lot,1
1673,0,public area,1
586,0,sightseeing,0
1231,0,sightseeing,1
2488,0,public area,1
834,0,public institution,1
1255,0,public area,1
1321,0,public institution,1
1580,0,public institution,1
1227,0,market,1
915,0,public institution,1
873,0,public area,1
1023,0,public institution,0
2285,0,company,0
1724,0,public area,1
685,0,public area,1
1797,0,sightseeing,1
426,0,public institution,0
515,0,sightseeing,0
1866,0,apartment,0
747,0,apartment,1
1639,0,hotel,0
1962,0,public institution,1
697,0,public area,1
2346,0,public area,0
720,0,public institution,0
830,0,public area,0
1579,0,public institution,1
1024,0,public institution,0
1825,0,golf,0
1415,0,market,1
2126,0,public area,0
1545,0,company,0
854,0,public area,1
1483,0,sightseeing,0
1135,0,public area,1
1133,0,public area,1
864,0,public area,1
609,0,sightseeing,1
1913,0,public institution,1
1401,0,public area,1
2314,0,apartment,1
1533,0,public parking lot,1
516,0,hotel,1
1125,0,public parking lot,1
707,0,company,0
2327,0,market,1
842,0,public area,1
411,0,sightseeing,1
2250,0,public parking lot,1
2541,0,hotel,0
1295,0,public institution,1
1377,0,public institution,1
1821,0,public institution,0
458,0,public institution,1
853,0,public area,1
511,0,public institution,1
1320,0,public institution,1
1162,0,public area,1
868,0,public area,1
855,0,public area,1
669,0,sightseeing,1
1138,0,public area,1
1936,0,public area,1
1033,0,apartment,0
2044,0,market,0
2038,0,apartment,0
614,0,public area,0
1124,0,public institution,1
510,0,resort,1
1780,0,public parking lot,1
1707,0,hotel,1
888,0,public area,0
2409,0,restaurant,0
1578,0,company,0
706,0,resort,0
466,0,public institution,1
2303,0,apartment,0
1546,0,public parking lot,0
1016,0,sightseeing,1
2318,0,sightseeing,1
1613,0,market,1
847,0,public area,1
1879,0,public area,1
524,0,public parking lot,1
2425,0,public area,1
2039,0,sightseeing,0
2061,0,sightseeing,0
588,0,sightseeing,1
1447,0,public institution,1
1963,0,public institution,1
1693,0,public area,1
1640,0,public area,1
1468,0,market,1
2055,0,sightseeing,1
1854,0,company,1
1861,0,public area,1
2579,0,public institution,0
545,0,public institution,0
2027,0,restaurant,0
1161,0,public institution,1
2292,0,resort,0
1859,0,resort,1
1877,0,public area,0
1829,0,hotel,0
1837,0,apartment,0
858,0,public parking lot,1
2034,0,apartment,0
745,0,apartment,1
1764,0,hotel,0
776,0,company,1
737,0,resort,0
399,0,company,1
1938,0,public parking lot,1
1581,0,public parking lot,1
2602,0,apartment,1
2405,0,public area,0
1171,0,public parking lot,1
711,0,company,0
1036,0,public parking lot,1
924,0,market,1
2376,0,company,0
543,0,public area,1
727,0,public institution,0
1382,0,apartment,1
1449,0,public area,1
1085,0,public area,1
1444,0,company,1
1203,0,public area,0
595,0,sightseeing,1
2301,0,public institution,0
1742,0,public institution,1
869,0,restaurant,1
368,0,resort,0
2499,0,public institution,0
1633,0,public institution,0
1034,0,public parking lot,1
1834,0,apartment,0
744,0,public area,0
1950,0,public area,0
1015,0,company,0
1112,0,public area,0
1944,0,public institution,0
1130,0,public area,0
403,0,sightseeing,0
412,0,public parking lot,1
1144,0,public area,0
1246,0,public area,1
525,0,restaurant,1
130,1,golf,0
739,0,public area,0
73,1,public area,0
1788,0,apartment,0
1318,0,public institution,0
712,0,resort,0
364,0,public area,1
817,0,hotel,0
2137,0,public institution,0
1951,0,public area,0
684,0,public parking lot,1
2611,0,public institution,0
2616,0,sightseeing,1
688,0,public parking lot,1
2208,0,public parking lot,1
1515,0,public parking lot,1
2073,0,apartment,0
1541,0,public area,1
1801,0,public area,1
846,0,public area,1
2323,0,public area,0
1310,0,public institution,1
2538,0,apartment,0
2042,0,public area,0
792,0,restaurant,0
825,0,restaurant,0
1485,0,apartment,1
2608,0,restaurant,0
648,0,public institution,1
381,0,public area,1
1980,0,public institution,1
695,0,restaurant,0
542,0,resort,0
2106,0,restaurant,0
1733,0,public institution,1
1822,0,company,0
2020,0,public parking lot,1
1151,0,company,0
1244,0,public parking lot,1
890,0,company,0
1175,0,public institution,0
1566,0,apartment,1
2032,0,hotel,0
1379,0,hotel,1
952,0,restaurant,0
1921,0,apartment,1
2368,0,public institution,0
2460,0,public institution,1
2556,0,public institution,0
1660,0,public parking lot,1
1173,0,public area,0
501,0,sightseeing,1
623,0,public area,1
2518,0,apartment,0
916,0,market,1
1302,0,public institution,0
2486,0,company,0
954,0,public parking lot,1
1898,0,public area,1
2502,0,public institution,1
420,0,apartment,0
2324,0,public area,0
379,0,public parking lot,1
1652,0,public area,1
1063,0,market,1
2109,0,public institution,0
2593,0,restaurant,0
1413,0,sightseeing,1
1486,0,public institution,1
2573,0,apartment,0
1338,0,golf,0
1176,0,public institution,0
1817,0,company,1
2619,0,public area,1
1935,0,public area,1
504,0,public institution,1
955,0,public institution,1
1314,0,hotel,0
1400,0,hotel,0
1334,0,public parking lot,1
1526,0,public area,0
1346,0,public area,0
1588,0,public institution,0
927,0,resort,0
1278,0,restaurant,0
1975,0,golf,0
1197,0,apartment,0
1728,0,hotel,0
2297,0,sightseeing,1
2319,0,apartment,1
810,0,resort,0
1000,0,public area,1
174,1,hotel,0
1855,0,public parking lot,0
673,0,market,1
2035,0,restaurant,0
2036,0,company,0
467,0,resort,1
1347,0,market,1
2037,0,public institution,0
976,0,public institution,0
2048,0,apartment,0
558,0,public area,1
2143,0,resort,0
2585,0,public area,1
2049,0,apartment,0
1918,0,public institution,1
1665,0,public area,0
1410,0,public parking lot,1
2078,0,public institution,1
1835,0,apartment,0
2183,0,public parking lot,0
2076,0,public area,1
984,0,public institution,0
1629,0,market,1
1768,0,public area,1
2053,0,hotel,0
1995,0,market,1
1218,0,company,0
441,0,public area,0
1198,0,public institution,0
2572,0,apartment,0
2332,0,hotel,0
2452,0,public area,1
1317,0,apartment,0
2340,0,restaurant,0
987,0,public institution,0
1971,0,public institution,1
1336,0,public area,1
1820,0,public area,0
1709,0,public area,1
1948,0,sightseeing,1
226,1,apartment,0
1213,0,public parking lot,0
1932,0,public parking lot,1
1035,0,sightseeing,0
1452,0,public parking lot,1
544,0,market,1
762,0,public institution,1
922,0,market,1
1710,0,public area,1
1833,0,apartment,0
1840,0,apartment,0
928,0,restaurant,0
910,0,restaurant,0
1585,0,resort,0
1502,0,public area,0
1766,0,public institution,0
1573,0,public area,1
986,0,public institution,0
2576,0,public institution,0
1752,0,public area,1
805,0,company,0
1510,0,restaurant,0
895,0,company,0
1765,0,public institution,0
2181,0,company,1
1357,0,sightseeing,1
1008,0,public institution,1
1794,0,golf,0
1860,0,public institution,1
2343,0,camping,1
979,0,public institution,1
1482,0,public parking lot,1
2509,0,public area,0
633,0,public institution,0
502,0,public parking lot,1
1736,0,public area,1
1294,0,public parking lot,1
1561,0,sightseeing,1
645,0,sightseeing,1
694,0,restaurant,0
635,0,public institution,0
1549,0,restaurant,0
1054,0,public area,1
1408,0,public area,1
608,0,public parking lot,1
289,1,public area,0
1319,0,public institution,1
2489,0,public institution,0
2555,0,public institution,1
1606,0,company,0
1816,0,apartment,0
1814,0,apartment,0
2466,0,resort,1
1170,0,restaurant,0
1117,0,sightseeing,1
710,0,company,0
1224,0,public parking lot,1
2358,0,company,0
1838,0,apartment,0
2300,0,public institution,0
1011,0,public area,1
1333,0,public area,1
419,0,restaurant,0
2312,0,company,0
2045,0,public area,1
2264,0,company,0
2392,0,resort,0
698,0,public area,1
1300,0,golf,0
1276,0,public area,1
1409,0,public parking lot,1
383,0,restaurant,1
2362,0,public institution,0
2592,0,public area,0
1150,0,market,0
887,0,company,0
2503,0,hotel,0
104,1,hotel,0
296,1,hotel,0
1597,0,restaurant,0
2375,0,public institution,0
1343,0,public parking lot,1
1126,0,public parking lot,1
1997,0,sightseeing,0
1969,0,hotel,0
1122,0,market,0
1180,0,public area,0
1605,0,company,0
2544,0,apartment,0
2561,0,apartment,0
1316,0,apartment,0
1903,0,public institution,0
1717,0,public area,1
1539,0,market,1
2281,0,restaurant,0
940,0,public area,1
1258,0,company,0
55,1,resort,0
87,1,resort,0
43,1,resort,0
89,1,resort,0
54,1,resort,0
149,1,resort,0
1013,0,market,1
1243,0,public area,1
2149,0,public institution,1
1281,0,apartment,0
1677,0,public area,0
1595,0,sightseeing,1
788,0,sightseeing,0
195,1,resort,0
172,1,hotel,0
274,1,resort,0
963,1,resort,0
1200,0,apartment,0
1897,0,public area,1
553,0,public institution,0
2279,0,apartment,0
60,1,public area,0
1199,0,apartment,0
2159,0,restaurant,0
690,0,public area,1
2554,0,apartment,0
2043,0,market,1
2411,0,public institution,0
2446,0,restaurant,0
526,0,restaurant,0
1800,0,public area,1
215,1,resort,0
162,1,resort,0
932,1,resort,0
1039,0,apartment,0
1115,0,public area,1
691,0,public institution,1
1702,0,bus garage,1
1030,0,public institution,1
1847,0,public institution,0
2018,0,public area,0
1315,0,public institution,0
1992,0,resort,0
1376,0,public area,1
1734,0,public area,1
1189,0,company,0
1945,0,public area,0
672,0,public area,1
1917,0,public area,1
576,0,resort,0
681,0,public institution,1
1688,0,public area,1
983,0,public area,1
1277,0,public area,1
1672,0,public institution,1
2378,0,company,0
761,0,market,1
752,0,public area,1
1621,0,public institution,1
2288,0,public institution,0
942,0,sightseeing,1
1498,0,restaurant,1
529,0,sightseeing,0
1904,0,company,0
2169,0,sightseeing,0
2532,0,sightseeing,1
1839,0,public parking lot,1
1719,0,hotel,0
1803,0,public institution,1
1455,0,public parking lot,1
2060,0,apartment,0
2207,0,apartment,0
2474,0,apartment,0
751,0,apartment,0
1155,0,apartment,0
2539,0,public institution,0
2316,0,market,1
630,0,apartment,0
1074,0,apartment,1
390,0,apartment,0
1121,0,apartment,0
2142,0,restaurant,0
1876,0,apartment,1
2059,0,apartment,0
1557,0,public area,1
1456,0,public institution,1
634,0,apartment,0
1505,0,public institution,1
2206,0,apartment,0
1853,0,apartment,0
831,0,public parking lot,1
2317,0,public institution,1
1692,0,public area,1
2533,0,sightseeing,1
1507,0,public area,0
2457,0,apartment,0
1235,0,public area,1
2560,0,company,0
442,0,public area,1
2141,0,apartment,0
2006,0,restaurant,0
1524,0,resort,1
624,0,public parking lot,1
2543,0,apartment,0
692,0,public area,1
1637,0,apartment,0
2517,0,restaurant,0
1307,0,public area,0
1223,0,apartment,0
2552,0,apartment,0
1967,0,apartment,0
505,0,resort,0
1906,0,apartment,0
1966,0,apartment,0
848,0,public area,0
1695,0,company,0
2500,0,public institution,0
1145,0,public institution,0
1735,0,public area,1
1081,0,apartment,0
1968,0,apartment,0
1852,0,apartment,0
2145,0,hotel,0
2334,0,public institution,0
2445,0,market,0
1156,0,apartment,0
2385,0,restaurant,0
949,0,public parking lot,1
923,0,public area,1
1881,0,public area,1
754,0,apartment,0
1120,0,apartment,0
1158,0,public area,1
1159,0,public area,1
1193,0,restaurant,1
1187,0,apartment,0
391,0,apartment,0
2342,0,public parking lot,1
2296,0,public institution,1
1058,0,public institution,1
2030,0,apartment,0
500,0,restaurant,0
1222,0,apartment,0
756,0,public area,1
2072,0,market,1
749,0,public parking lot,1
1718,0,public parking lot,1
2156,0,public institution,0
1705,0,public area,1
680,0,public parking lot,1
1751,0,apartment,0
2110,0,public area,0
410,0,public institution,1
1749,0,apartment,1
2529,0,apartment,0
1177,0,apartment,0
2224,0,public area,1
1599,0,public area,1
1924,0,apartment,0
2192,0,restaurant,0
2017,0,market,0
2139,0,apartment,0
2146,0,hotel,0
2000,0,public institution,1
2067,0,apartment,1
1481,0,hotel,0
793,0,resort,0
1208,0,public parking lot,0
406,0,apartment,0
2050,0,apartment,1
1711,0,public area,0
1867,0,apartment,0
534,0,public parking lot,1
999,0,sightseeing,0
1496,0,apartment,1
632,0,apartment,0
998,0,resort,0
1500,0,apartment,0
2031,0,apartment,0
1514,0,restaurant,0
660,0,public institution,1
1216,0,public parking lot,0
1501,0,apartment,0
2144,0,public area,0
1111,0,apartment,1
796,0,public institution,0
2157,0,company,0
849,0,public area,0
856,0,hotel,1
1105,0,public institution,0
2329,0,apartment,0
1186,0,company,1
2379,0,public institution,0
1625,0,public parking lot,0
636,0,apartment,0
637,0,apartment,0
2473,0,resort,0
1716,0,public institution,0
653,0,public institution,0
1499,0,apartment,1
1402,0,public area,0
945,1,public institution,0
1248,0,bus garage,1
1134,0,apartment,1
1424,0,company,0
1667,0,public area,0
944,0,public area,0
1012,0,public parking lot,1
1902,0,apartment,0
1925,0,apartment,1
1755,0,hotel,0
1713,0,apartment,0
1190,0,apartment,1
2350,0,apartment,1
1747,0,public parking lot,0
897,0,public parking lot,1
2268,0,market,1
2013,0,public area,1
1174,0,public area,0
1274,0,hotel,1
2012,0,company,1
1793,0,public institution,1
1586,0,public institution,1
1429,0,golf,0
1824,0,public parking lot,0
797,0,sightseeing,0
497,0,market,1
837,0,apartment,1
2240,0,public institution,1
2158,0,public institution,0
881,0,sightseeing,1
2311,0,apartment,0
1182,0,public institution,0
234,1,hotel,0
91,1,hotel,0
2479,0,company,0
1836,0,hotel,0
753,0,market,1
1914,0,public parking lot,1
2436,0,golf,0
1172,0,apartment,0
804,0,public institution,0
1495,0,apartment,0
1706,0,public parking lot,1
1970,0,apartment,0
1497,0,apartment,0
2472,0,apartment,0
1878,0,public area,1
1007,0,apartment,1
2075,0,public parking lot,1
2,1,hotel,0
729,0,company,1
1953,0,apartment,0
1308,0,public institution,0
1868,0,public parking lot,1
1952,0,apartment,0
981,0,public area,1
2418,0,apartment,0
1404,0,restaurant,1
872,0,public institution,1
460,0,public area,1
463,0,apartment,0
1167,0,public area,1
1608,0,company,0
865,0,hotel,1
540,0,public area,1
2454,0,apartment,0
1738,0,public institution,0
2492,0,company,0
1998,0,resort,0
1916,0,sightseeing,0
1844,0,apartment,0
785,0,apartment,0
1399,0,public institution,1
784,0,apartment,0
1964,0,public area,0
1242,0,public area,1
407,0,public institution,1
1463,0,apartment,1
2381,0,public institution,1
654,0,company,1
2096,0,apartment,0
802,0,apartment,0
807,0,apartment,0
2357,0,company,0
809,1,hotel,0
2348,0,public parking lot,1
2083,0,resort,0
1594,0,hotel,0
1363,0,restaurant,0
2099,0,apartment,0
1237,0,public institution,1
939,0,company,0
2100,0,apartment,0
1901,0,restaurant,0
1583,0,public area,0
2025,0,apartment,1
1750,0,apartment,0
1403,0,market,1
408,0,apartment,0
1880,0,apartment,0
736,0,hotel,1
472,0,company,1
742,0,public area,0
808,0,public institution,0
572,0,apartment,0
1291,0,apartment,1
2464,0,apartment,0
2205,1,restaurant,0
750,0,public institution,1
2341,0,public area,1
786,0,apartment,0
2455,0,apartment,0
889,0,public parking lot,1
772,0,market,1
1623,0,apartment,0
639,0,company,1
874,0,restaurant,1
875,0,apartment,1
1601,0,public area,1
2160,0,apartment,0
2456,0,sightseeing,1
1871,0,hotel,1
2071,0,public area,1
1626,0,public institution,0
97,1,hotel,0
1928,0,apartment,0
1725,0,public parking lot,0
1257,0,resort,1
1624,0,apartment,0
878,0,hotel,1
367,0,company,1
2201,0,public area,1
1979,0,public institution,1
440,0,restaurant,1
656,0,hotel,1
1865,0,apartment,0
661,0,company,1
2482,0,hotel,0
1268,0,resort,0
1760,0,apartment,0
2129,0,hotel,1
2483,0,hotel,0
1371,0,public parking lot,1
2029,0,public parking lot,0
2101,0,apartment,0
852,0,public parking lot,1
2484,0,hotel,0
652,0,company,1
2085,0,apartment,1
2438,0,public institution,1
743,0,public area,0
628,0,public institution,0
2125,0,apartment,1
2429,0,hotel,0
1329,0,company,0
1493,0,apartment,0
2307,0,public area,0
867,0,resort,0
1509,0,public parking lot,0
1678,0,apartment,0
647,0,hotel,1
1721,0,hotel,0
2065,0,apartment,1
748,0,public institution,0
709,0,apartment,0
2302,0,apartment,0
2102,0,public institution,0
2227,0,golf,0
1858,0,public parking lot,1
965,0,company,1
1494,0,apartment,0
2336,0,public parking lot,1
1554,0,public parking lot,1
2304,0,apartment,0
1946,0,apartment,0
2349,0,public institution,1
1675,0,market,1
1426,0,apartment,0
498,0,public area,0
1989,0,restaurant,1
1044,0,public institution,1
1696,0,restaurant,0
1990,0,sightseeing,1
649,0,hotel,1
1704,0,public area,1
1191,0,sightseeing,0
2028,0,apartment,0
795,0,public institution,0
883,0,apartment,0
860,0,public area,1
1425,0,public institution,1
1292,0,market,1
1681,0,restaurant,0
1864,0,apartment,0
1802,0,public parking lot,1
86,1,hotel,0
1353,0,public institution,1
1445,0,public parking lot,1
1423,0,apartment,0
1280,0,sightseeing,0
859,0,public area,0
2097,0,apartment,0
2271,0,hotel,0
857,0,hotel,1
2081,0,apartment,0
828,0,public parking lot,1
2112,0,resort,0
2082,0,apartment,0
2413,0,public institution,1
1552,1,public area,0
901,0,restaurant,1
655,0,hotel,1
2345,0,restaurant,0
1040,0,company,1
1723,0,public area,1
1619,0,restaurant,1
1761,0,apartment,0
885,0,sightseeing,1
496,0,public area,0
1679,0,resort,1
1325,0,public institution,1
2280,0,apartment,0
626,0,public area,0
1927,0,hotel,1
1232,0,public area,1
1266,0,resort,1
386,0,public institution,1
2098,0,apartment,0
1985,0,restaurant,0
1113,0,apartment,0
535,0,public institution,1
2080,0,apartment,1
800,0,public institution,0
520,1,public area,0
2384,0,resort,0
499,0,public parking lot,1
1356,0,public institution,1
1863,0,apartment,0
2111,0,apartment,0
1221,0,public institution,1
676,0,restaurant,1
850,0,public parking lot,1
519,1,public area,0
2004,0,public area,1
903,0,restaurant,1
1943,0,apartment,0
1647,0,sightseeing,1
1676,0,public parking lot,1
1531,0,public parking lot,0
2001,0,apartment,0
1110,0,public area,1
1949,0,restaurant,1
1530,0,restaurant,1
1942,0,apartment,0
1856,0,company,1
459,0,public institution,1
1542,0,restaurant,1
1843,0,sightseeing,0
1842,0,sightseeing,1
1832,0,public institution,0
1567,0,hotel,0
1535,0,company,0
1476,0,resort,0
1607,0,company,0
2236,0,restaurant,0
2058,0,company,1
2108,0,public area,1
1571,0,public area,0
1614,0,public institution,1
2179,0,public institution,0
1544,0,public area,1
1977,0,public institution,0
794,0,public institution,0
1808,0,resort,0
1184,1,apartment,0
1165,1,apartment,0
2178,0,public institution,0
1569,0,restaurant,0
1779,0,apartment,0
884,0,hotel,0
1984,0,public institution,0
2211,0,public institution,1
471,0,apartment,0
470,0,apartment,1
2088,0,resort,0
2195,0,public area,1
465,0,public institution,1
1976,0,public area,0
2138,0,apartment,0
1185,1,apartment,0
2177,0,restaurant,0
1807,0,resort,0
1508,0,hotel,0
527,0,public area,0
1537,0,apartment,0
1806,0,resort,0
2194,0,restaurant,1
2176,0,public institution,0
2005,0,public area,1
1781,0,restaurant,1
1543,0,apartment,0
2161,0,resort,0
2163,0,restaurant,0
1354,0,public institution,1
2154,0,restaurant,0
1465,0,public institution,1
