ChargerID,SessionCount,TotalDuration,AverageDuration,TotalDemand,AverageDemand
1,89,14428,162.1123595505618,1467.0,16.48314606741573
2,54,9626,178.25925925925927,1053.34,19.506296296296295
3,76,10528,138.52631578947367,982.98,12.933947368421054
5,56,11830,211.25,1095.0,19.553571428571427
7,8,1018,127.25,116.88,14.61
8,40,5718,142.95,530.12,13.253
9,47,7266,154.59574468085106,752.78,16.01659574468085
10,16,2656,166.0,301.86,18.86625
13,82,23406,285.4390243902439,1628.32,19.857560975609754
14,38,4318,113.63157894736842,391.58,10.304736842105262
15,5,275,55.0,31.3,6.26
16,45,12796,284.35555555555555,717.3,15.94
17,22,3534,160.63636363636363,401.01,18.22772727272727
18,98,13200,134.69387755102042,1346.19,13.736632653061225
19,97,19885,205.0,2223.77,22.92546391752577
20,85,17190,202.23529411764707,1378.4,16.216470588235296
21,74,15775,213.17567567567568,1525.08,20.609189189189188
22,48,10195,212.39583333333334,792.9,16.51875
23,49,12893,263.1224489795918,1454.82,29.69020408163265
24,42,9452,225.04761904761904,1070.48,25.48761904761905
25,142,21377,150.54225352112675,2271.18,15.994225352112675
26,22,3382,153.72727272727272,321.09,14.594999999999999
27,14,2862,204.42857142857142,324.35,23.167857142857144
28,22,4090,185.9090909090909,417.3,18.96818181818182
29,99,16332,164.96969696969697,1434.35,14.488383838383838
30,125,20982,167.856,2040.97,16.32776
32,23,2649,115.17391304347827,297.8,12.947826086956523
33,111,28395,255.8108108108108,1665.4,15.003603603603604
34,52,12114,232.96153846153845,1181.7,22.725
37,58,14320,246.89655172413794,1276.6,22.010344827586206
38,83,9698,116.8433734939759,1006.87,12.130963855421687
42,107,14346,134.07476635514018,1550.96,14.494953271028038
43,76,15923,209.51315789473685,1650.43,21.71618421052632
44,45,13791,306.46666666666664,636.6,14.146666666666667
45,33,11457,347.1818181818182,663.4,20.1030303030303
46,15,1832,122.13333333333334,199.6,13.306666666666667
48,22,3146,143.0,336.59999999999997,15.299999999999999
49,40,11574,289.35,1193.7,29.8425
50,12,1023,85.25,115.42,9.618333333333334
52,72,18085,251.18055555555554,1148.1,15.945833333333333
54,84,15622,185.97619047619048,1666.07,19.834166666666665
55,62,13875,223.79032258064515,1500.39,24.199838709677422
56,19,3275,172.3684210526316,374.08,19.68842105263158
59,77,15988,207.63636363636363,1391.7,18.074025974025975
60,13,1637,125.92307692307692,216.62,16.663076923076922
61,5,445,89.0,46.4,9.28
62,22,1942,88.27272727272727,209.94,9.542727272727273
64,94,15151,161.18085106382978,1142.04,12.14936170212766
65,38,4788,126.0,459.9,12.102631578947367
66,107,16971,158.60747663551402,1821.96,17.02766355140187
68,17,2868,168.7058823529412,317.34000000000003,18.667058823529413
69,113,26201,231.86725663716814,1696.19,15.010530973451328
72,9,1930,214.44444444444446,221.82000000000002,24.64666666666667
73,11,1534,139.45454545454547,182.32,16.574545454545454
74,25,6114,244.56,453.5,18.14
76,51,11096,217.5686274509804,911.2,17.866666666666667
77,3,47,15.666666666666666,5.22,1.74
79,21,2914,138.76190476190476,208.3,9.91904761904762
80,81,11494,141.90123456790124,1334.45,16.474691358024693
81,11,857,77.9090909090909,99.24,9.021818181818182
82,46,10551,229.3695652173913,656.9300000000001,14.28108695652174
83,39,7538,193.28205128205127,825.36,21.163076923076922
84,14,1389,99.21428571428571,143.63,10.259285714285713
85,12,2089,174.08333333333334,212.12,17.676666666666666
86,3,268,89.33333333333333,25.709999999999997,8.569999999999999
87,84,18320,218.0952380952381,1964.8,23.39047619047619
88,22,4303,195.5909090909091,425.8,19.354545454545455
89,81,17662,218.0493827160494,1852.69,22.872716049382717
90,46,5354,116.3913043478261,539.87,11.736304347826087
91,21,4568,217.52380952380952,497.76,23.70285714285714
92,38,7766,204.3684210526316,611.5,16.092105263157894
93,9,908,100.88888888888889,101.9,11.322222222222223
95,121,17503,144.65289256198346,1901.33,15.713471074380164
96,15,1706,113.73333333333333,193.87,12.924666666666667
97,11,2143,194.8181818181818,237.47,21.58818181818182
99,42,7158,170.42857142857142,670.58,15.966190476190476
100,23,5678,246.8695652173913,257.1,11.178260869565218
101,37,5153,139.27027027027026,470.4,12.713513513513513
102,25,3136,125.44,356.71,14.2684
103,13,1215,93.46153846153847,139.6,10.738461538461538
104,61,7414,121.54098360655738,650.75,10.668032786885245
105,27,3478,128.8148148148148,364.12,13.485925925925926
107,13,4801,369.3076923076923,357.2,27.476923076923075
108,11,1977,179.72727272727272,192.17000000000002,17.470000000000002
109,21,1960,93.33333333333333,236.6,11.266666666666666
110,16,2756,172.25,250.10999999999999,15.631874999999999
111,8,2357,294.625,267.5,33.4375
112,11,1548,140.72727272727272,173.48000000000002,15.770909090909093
113,8,820,102.5,60.25,7.53125
114,28,11963,427.25,398.3,14.225
116,39,9373,240.33333333333334,585.52,15.013333333333334
117,43,4860,113.02325581395348,515.24,11.982325581395349
118,22,5211,236.86363636363637,470.2,21.37272727272727
119,3,651,217.0,71.5,23.833333333333332
120,3,246,82.0,26.3,8.766666666666667
121,25,3850,154.0,409.0,16.36
123,78,25316,324.56410256410254,1533.28,19.657435897435896
125,14,2345,167.5,240.4,17.17142857142857
126,59,7789,132.01694915254237,785.1,13.30677966101695
127,16,2192,137.0,252.85,15.803125
128,19,2855,150.26315789473685,255.5,13.447368421052632
129,18,2325,129.16666666666666,209.09,11.616111111111111
130,22,2656,120.72727272727273,290.78000000000003,13.217272727272729
132,44,6176,140.36363636363637,441.86,10.042272727272728
134,5,968,193.6,76.8,15.36
136,9,967,107.44444444444444,109.5,12.166666666666666
137,1,46,46.0,5.33,5.33
139,45,10139,225.3111111111111,708.86,15.752444444444444
140,55,14912,271.1272727272727,1241.64,22.57527272727273
145,22,3409,154.95454545454547,361.8,16.445454545454545
146,19,1676,88.21052631578948,195.1,10.26842105263158
147,16,3012,188.25,246.62,15.41375
149,44,9009,204.75,905.93,20.589318181818182
150,11,1292,117.45454545454545,135.04,12.276363636363635
152,5,519,103.8,57.08,11.416
153,18,1171,65.05555555555556,120.0,6.666666666666667
154,83,14751,177.72289156626505,1389.25,16.737951807228917
155,27,9387,347.6666666666667,768.0,28.444444444444443
156,9,1370,152.22222222222223,142.95,15.883333333333333
157,8,800,100.0,81.26,10.1575
158,17,2647,155.7058823529412,292.43,17.201764705882354
159,14,2658,189.85714285714286,121.2,8.657142857142857
160,4,102,25.5,11.83,2.9575
161,6,612,102.0,58.5,9.75
162,31,8364,269.80645161290323,813.75,26.25
163,127,22338,175.88976377952756,2361.17,18.591889763779527
164,24,4038,168.25,331.89,13.82875
166,8,687,85.875,77.8,9.725
167,8,839,104.875,92.65,11.58125
168,46,7328,159.30434782608697,813.54,17.68565217391304
170,33,4344,131.63636363636363,353.87,10.723333333333333
171,23,6032,262.2608695652174,661.75,28.77173913043478
172,24,5284,220.16666666666666,589.46,24.560833333333335
173,25,2839,113.56,248.66,9.9464
174,38,3239,85.23684210526316,358.88,9.44421052631579
175,25,5514,220.56,632.0,25.28
176,11,3757,341.54545454545456,382.8,34.800000000000004
177,59,14034,237.864406779661,1389.68,23.553898305084747
178,17,1982,116.58823529411765,217.92,12.818823529411764
180,4,203,50.75,30.4,7.6
181,4,456,114.0,52.57000000000001,13.142500000000002
182,12,1208,100.66666666666667,129.13,10.760833333333332
185,16,3121,195.0625,282.46999999999997,17.654374999999998
187,10,2779,277.9,306.34,30.633999999999997
188,3,394,131.33333333333334,39.8,13.266666666666666
189,8,546,68.25,61.599999999999994,7.699999999999999
190,39,4877,125.05128205128206,516.62,13.246666666666666
191,14,3627,259.07142857142856,417.71999999999997,29.837142857142855
194,7,408,58.285714285714285,35.7,5.1000000000000005
195,21,3170,150.95238095238096,343.32,16.34857142857143
198,22,2117,96.22727272727273,243.05,11.047727272727274
199,4,1302,325.5,86.25999999999999,21.564999999999998
200,76,19217,252.85526315789474,1390.8,18.3
202,18,2260,125.55555555555556,241.21,13.400555555555556
203,19,3760,197.89473684210526,421.81,22.200526315789475
204,11,3676,334.1818181818182,167.2,15.2
205,24,4151,172.95833333333334,326.73,13.613750000000001
206,8,1481,185.125,167.33,20.91625
208,16,1353,84.5625,116.3,7.26875
210,8,1002,125.25,104.62,13.0775
211,54,11754,217.66666666666666,1298.92,24.054074074074077
213,21,3071,146.23809523809524,284.7,13.557142857142857
214,55,12137,220.6727272727273,1269.6,23.083636363636362
215,14,3086,220.42857142857142,288.95,20.639285714285712
217,18,2673,148.5,298.28,16.571111111111108
219,45,5377,119.4888888888889,549.23,12.205111111111112
221,11,1847,167.9090909090909,200.3,18.20909090909091
222,8,1004,125.5,113.59,14.19875
224,49,7213,147.20408163265307,619.31,12.638979591836733
225,10,952,95.2,104.3,10.43
226,10,2752,275.2,284.9,28.49
227,6,460,76.66666666666667,53.0,8.833333333333334
230,56,7154,127.75,608.26,10.861785714285714
232,50,12879,257.58,890.8,17.816
233,14,2075,148.21428571428572,114.7,8.192857142857143
234,4,946,236.5,102.77,25.6925
235,7,1229,175.57142857142858,131.51,18.787142857142857
236,46,5056,109.91304347826087,521.15,11.329347826086956
237,2,1205,602.5,131.83999999999997,65.91999999999999
238,12,3544,295.3333333333333,375.03,31.252499999999998
242,16,2859,178.6875,309.48,19.3425
244,31,4482,144.58064516129033,511.26,16.49225806451613
248,20,3103,155.15,247.91,12.3955
249,9,2790,310.0,268.67,29.852222222222224
250,16,5310,331.875,379.0,23.6875
251,1,410,410.0,44.78,44.78
252,4,558,139.5,59.660000000000004,14.915000000000001
253,6,1676,279.3333333333333,85.82,14.303333333333333
254,4,583,145.75,59.46,14.865
257,7,706,100.85714285714286,77.31,11.044285714285715
258,14,2600,185.71428571428572,289.76,20.697142857142858
260,56,18595,332.05357142857144,1440.01,25.714464285714286
262,56,7123,127.19642857142857,736.79,13.156964285714285
263,13,3203,246.3846153846154,295.39,22.72230769230769
265,13,4061,312.38461538461536,464.45,35.72692307692308
267,1,643,643.0,10.4,10.4
269,13,1715,131.92307692307693,190.2,14.63076923076923
270,58,7244,124.89655172413794,779.1,13.432758620689656
273,85,13382,157.43529411764706,1458.22,17.155529411764707
274,26,6526,251.0,720.36,27.706153846153846
277,19,2760,145.26315789473685,251.93,13.259473684210526
278,21,7407,352.7142857142857,727.1,34.62380952380953
279,1,294,294.0,14.8,14.8
281,20,3112,155.6,250.04999999999998,12.5025
287,10,4225,422.5,238.0,23.8
289,4,303,75.75,30.24,7.56
291,74,23750,320.94594594594594,1765.67,23.860405405405405
296,28,3293,117.60714285714286,184.46,6.5878571428571435
298,1,70,70.0,7.27,7.27
306,9,1135,126.11111111111111,132.13,14.681111111111111
307,1,194,194.0,21.46,21.46
308,17,1519,89.3529411764706,170.0,10.0
309,2,450,225.0,51.18,25.59
310,4,844,211.0,94.18,23.545
311,16,2729,170.5625,286.11,17.881875
312,16,1821,113.8125,177.25,11.078125
320,87,23196,266.62068965517244,2463.63,28.317586206896554
327,108,12280,113.70370370370371,998.53,9.245648148148147
329,46,6531,141.97826086956522,709.83,15.43108695652174
331,16,3312,207.0,376.43,23.526875
334,16,1443,90.1875,166.38,10.39875
348,6,1474,245.66666666666666,175.33,29.221666666666668
349,8,1390,173.75,159.22,19.9025
356,16,3043,190.1875,347.5,21.71875
359,20,4113,205.65,479.17,23.9585
360,8,1875,234.375,219.63,27.45375
361,7,237,33.857142857142854,55.97,7.9957142857142856
362,1,61,61.0,7.1,7.1
363,9,298,33.111111111111114,159.41,17.712222222222223
364,19,494,26.0,301.47,15.86684210526316
365,4,62,15.5,40.410000000000004,10.102500000000001
366,5,172,34.4,120.24000000000001,24.048000000000002
369,18,528,29.333333333333332,252.98,14.054444444444444
370,78,18751,240.39743589743588,2018.83,25.882435897435897
371,47,11364,241.7872340425532,1136.2,24.174468085106383
372,54,18569,343.8703703703704,2005.98,37.147777777777776
373,52,14522,279.2692307692308,1641.5,31.567307692307693
374,78,20135,258.14102564102564,2050.23,26.285
375,85,25435,299.2352941176471,2422.54,28.500470588235295
376,56,17838,318.5357142857143,1883.11,33.62696428571429
377,52,18811,361.75,2165.84,41.650769230769235
378,2,28,14.0,33.29,16.645
379,3,50,16.666666666666668,50.46,16.82
380,6,201,33.5,178.60999999999999,29.76833333333333
381,3,98,32.666666666666664,68.95,22.983333333333334
382,7,111,15.857142857142858,39.22,5.602857142857142
383,5,230,46.0,145.35999999999999,29.071999999999996
384,12,349,29.083333333333332,223.94,18.661666666666665
385,6,175,29.166666666666668,98.13,16.355
386,2,49,24.5,37.03,18.515
387,2,80,40.0,48.89,24.445
388,3,123,41.0,74.82,24.939999999999998
389,8,2523,315.375,204.58,25.5725
390,3,643,214.33333333333334,52.599999999999994,17.53333333333333
391,10,2032,203.2,181.6,18.16
392,1,331,331.0,28.13,28.13
393,1,478,478.0,56.5,56.5
394,2,56,28.0,25.52,12.76
395,5,134,26.8,102.27,20.454
396,8,1490,186.25,108.47,13.55875
397,17,3616,212.7058823529412,245.18,14.42235294117647
399,4,209,52.25,102.39,25.5975
400,18,570,31.666666666666668,202.77,11.265
401,14,377,26.928571428571427,166.43,11.887857142857143
402,19,495,26.05263157894737,286.95,15.102631578947367
403,5,289,57.8,30.28,6.056
404,2,338,169.0,39.870000000000005,19.935000000000002
405,2,46,23.0,26.4,13.2
406,4,214,53.5,17.93,4.4825
407,2,80,40.0,61.19,30.595
408,1,16,16.0,1.7,1.7
410,1,23,23.0,17.33,17.33
411,6,210,35.0,166.67,27.778333333333332
412,3,120,40.0,69.28,23.093333333333334
414,3,244,81.33333333333333,15.110000000000001,5.036666666666667
415,4,160,40.0,64.86,16.215
416,4,90,22.5,34.86,8.715
419,1,73,73.0,8.32,8.32
422,10,331,33.1,177.5,17.75
423,12,147,12.25,53.74,4.4783333333333335
424,8,176,22.0,86.0,10.75
426,13,2028,156.0,221.4,17.03076923076923
427,7,1654,236.28571428571428,130.2,18.599999999999998
428,8,1570,196.25,110.85,13.85625
429,10,1608,160.8,115.4,11.540000000000001
430,79,21064,266.63291139240505,2251.67,28.502151898734176
431,67,17179,256.4029850746269,1877.45,28.021641791044775
433,69,17587,254.8840579710145,1826.78,26.475072463768115
434,12,389,32.416666666666664,173.37,14.4475
435,8,342,42.75,185.19,23.14875
436,11,233,21.181818181818183,77.51,7.046363636363637
437,3,40,13.333333333333334,3.4800000000000004,1.1600000000000001
438,2,58,29.0,18.3,9.15
439,2,42,21.0,24.110000000000003,12.055000000000001
440,2,68,34.0,55.92,27.96
441,2,222,111.0,15.16,7.58
443,4,147,36.75,72.03999999999999,18.009999999999998
444,1,15,15.0,9.91,9.91
445,16,565,35.3125,250.32999999999998,15.645624999999999
446,6,62,10.333333333333334,28.91,4.818333333333333
447,3,56,18.666666666666668,31.619999999999997,10.54
448,4,71,17.75,32.47,8.1175
449,18,1284,71.33333333333333,830.25,46.125
451,7,283,40.42857142857143,132.18,18.882857142857144
452,1,38,38.0,29.01,29.01
453,1,31,31.0,22.65,22.65
455,4,521,130.25,49.44,12.36
458,6,175,29.166666666666668,106.26,17.71
459,4,85,21.25,63.260000000000005,15.815000000000001
460,13,361,27.76923076923077,257.32,19.793846153846154
461,16,597,37.3125,284.96,17.81
462,6,614,102.33333333333333,74.2,12.366666666666667
463,2,118,59.0,12.1,6.05
464,14,380,27.142857142857142,166.48000000000002,11.891428571428573
465,3,154,51.333333333333336,119.58,39.86
466,1,36,36.0,25.46,25.46
467,6,158,26.333333333333332,107.31,17.885
468,39,4927,126.33333333333333,299.2,7.671794871794871
469,5,145,29.0,50.86,10.172
470,3,69,23.0,51.339999999999996,17.113333333333333
471,1,40,40.0,4.64,4.64
472,8,184,23.0,149.09,18.63625
473,20,627,31.35,503.91,25.195500000000003
474,13,380,29.23076923076923,208.28,16.021538461538462
475,1,216,216.0,0.04,0.04
477,6,574,95.66666666666667,63.17,10.528333333333334
479,7,1170,167.14285714285714,117.36999999999999,16.767142857142854
481,7,1140,162.85714285714286,134.67,19.238571428571426
482,4,426,106.5,35.6,8.9
483,22,1878,85.36363636363636,200.0,9.090909090909092
489,6,678,113.0,69.85,11.641666666666666
491,13,4415,339.61538461538464,227.18,17.475384615384616
492,24,4208,175.33333333333334,378.2,15.758333333333333
495,12,339,28.25,232.47,19.3725
496,6,904,150.66666666666666,89.53,14.921666666666667
497,1,73,73.0,30.54,30.54
498,9,1497,166.33333333333334,145.4,16.155555555555555
499,2,54,27.0,35.18,17.59
500,1,118,118.0,13.11,13.11
501,4,288,72.0,80.53,20.1325
503,19,624,32.8421052631579,374.73,19.722631578947368
505,4,927,231.75,69.14,17.285
506,1,50,50.0,34.19,34.19
507,4,94,23.5,82.44,20.61
508,14,333,23.785714285714285,280.44,20.03142857142857
509,1,44,44.0,26.95,26.95
510,2,110,55.0,66.31,33.155
511,7,247,35.285714285714285,115.69,16.527142857142856
512,51,16780,329.01960784313724,720.8,14.133333333333333
513,72,14909,207.06944444444446,853.6,11.855555555555556
514,3,529,176.33333333333334,35.6,11.866666666666667
515,7,976,139.42857142857142,80.6,11.514285714285714
516,4,518,129.5,30.23,7.5575
517,3,946,315.3333333333333,63.5,21.166666666666668
518,3,99,33.0,11.4,3.8000000000000003
519,35,3070,87.71428571428571,618.34,17.666857142857143
520,21,2439,116.14285714285714,439.76,20.940952380952382
521,6,206,34.333333333333336,122.50999999999999,20.418333333333333
522,8,260,32.5,170.81,21.35125
523,4,238,59.5,123.46000000000001,30.865000000000002
524,8,251,31.375,156.38,19.5475
525,2,79,39.5,43.89,21.945
526,2,236,118.0,26.479999999999997,13.239999999999998
527,1,240,240.0,22.68,22.68
528,1,43,43.0,22.58,22.58
529,1,53,53.0,6.0,6.0
530,22,669,30.40909090909091,397.73,18.078636363636363
531,14,283,20.214285714285715,161.09,11.506428571428572
532,17,503,29.58823529411765,346.08,20.357647058823527
533,6,137,22.833333333333332,80.01,13.335
534,8,231,28.875,101.44,12.68
535,1,18,18.0,11.78,11.78
537,1,14,14.0,5.12,5.12
538,1,16,16.0,9.33,9.33
539,5,272,54.4,181.15,36.230000000000004
540,5,124,24.8,94.17,18.834
541,16,508,31.75,380.71,23.794375
542,4,1168,292.0,118.6,29.65
543,4,191,47.75,152.0,38.0
544,11,603,54.81818181818182,449.06,40.82363636363636
545,3,1798,599.3333333333334,156.89,52.29666666666666
546,1,47,47.0,38.96,38.96
548,4,551,137.75,55.400000000000006,13.850000000000001
549,3,101,33.666666666666664,55.339999999999996,18.446666666666665
550,5,187,37.4,101.98,20.396
551,9,999,111.0,96.7,10.744444444444445
552,18,1580,87.77777777777777,184.7,10.261111111111111
553,5,525,105.0,51.1,10.22
554,3,114,38.0,49.18,16.393333333333334
555,5,1463,292.6,151.6,30.32
556,6,799,133.16666666666666,39.4,6.566666666666666
557,4,371,92.75,32.7,8.175
558,2,51,25.5,30.83,15.415
559,15,391,26.066666666666666,200.54,13.369333333333334
560,5,184,36.8,37.17,7.434
563,1,69,69.0,40.13,40.13
564,7,260,37.142857142857146,178.69,25.527142857142856
565,16,606,37.875,212.01,13.250625
566,4,160,40.0,126.36,31.59
567,4,160,40.0,39.67,9.9175
568,6,206,34.333333333333336,140.76,23.459999999999997
569,8,768,96.0,55.51,6.93875
570,5,139,27.8,40.42,8.084
572,32,5523,172.59375,316.5,9.890625
573,88,12707,144.39772727272728,1078.91,12.26034090909091
574,3,390,130.0,32.11,10.703333333333333
575,3,227,75.66666666666667,24.46,8.153333333333334
576,2,525,262.5,41.93,20.965
577,11,383,34.81818181818182,32.6,2.963636363636364
578,15,1480,98.66666666666667,169.22,11.281333333333333
579,14,1200,85.71428571428571,138.41,9.88642857142857
580,13,1583,121.76923076923077,176.05,13.542307692307693
581,8,753,94.125,86.98,10.8725
582,4,127,31.75,87.82,21.955
586,3,151,50.333333333333336,17.299999999999997,5.766666666666666
587,2,55,27.5,25.49,12.745
588,1,17,17.0,7.1,7.1
589,5,248,49.6,23.66,4.732
590,5,227,45.4,153.76999999999998,30.753999999999998
592,29,953,32.86206896551724,514.06,17.726206896551723
595,1,21,21.0,12.57,12.57
596,5,102,20.4,55.82,11.164
598,4,64,16.0,56.629999999999995,14.157499999999999
599,4,619,154.75,59.01,14.7525
601,3,91,30.333333333333332,78.39,26.13
602,7,258,36.857142857142854,101.86,14.551428571428572
604,6,143,23.833333333333332,111.4,18.566666666666666
606,1,75,75.0,55.13,55.13
607,17,495,29.11764705882353,189.61,11.153529411764707
609,3,15,5.0,10.47,3.49
611,2,126,63.0,13.700000000000001,6.8500000000000005
612,1,38,38.0,23.04,23.04
614,2,78,39.0,8.23,4.115
619,18,682,37.888888888888886,416.72,23.151111111111113
621,5,233,46.6,136.94,27.387999999999998
622,3,120,40.0,60.099999999999994,20.03333333333333
623,3,94,31.333333333333332,47.660000000000004,15.886666666666668
624,18,666,37.0,348.53000000000003,19.36277777777778
625,2,578,289.0,59.260000000000005,29.630000000000003
626,1,58,58.0,6.35,6.35
628,1,152,152.0,13.02,13.02
629,2,91,45.5,8.530000000000001,4.265000000000001
630,10,1060,106.0,99.1,9.91
631,4,1312,328.0,34.65,8.6625
632,2,219,109.5,20.9,10.45
633,2,479,239.5,57.0,28.5
634,2,248,124.0,15.84,7.92
638,2,65,32.5,5.78,2.89
639,7,250,35.714285714285715,165.39,23.627142857142854
640,16,555,34.6875,272.15999999999997,17.009999999999998
641,10,306,30.6,263.43,26.343
642,27,947,35.074074074074076,454.61,16.837407407407408
643,7,272,38.857142857142854,159.78,22.825714285714287
644,4,99,24.75,62.13,15.5325
645,18,702,39.0,331.27,18.403888888888886
646,34,5403,158.91176470588235,437.2,12.858823529411765
647,3,122,40.666666666666664,37.620000000000005,12.540000000000001
648,2,68,34.0,53.25,26.625
649,1,48,48.0,16.08,16.08
650,1,40,40.0,25.39,25.39
651,7,269,38.42857142857143,147.47,21.06714285714286
652,5,169,33.8,68.62,13.724
653,1,594,594.0,66.1,66.1
654,2,94,47.0,32.739999999999995,16.369999999999997
655,2,85,42.5,34.1,17.05
656,7,606,86.57142857142857,64.4,9.200000000000001
657,1,21,21.0,13.89,13.89
660,19,600,31.57894736842105,677.34,35.64947368421053
661,3,94,31.333333333333332,42.11,14.036666666666667
662,20,3438,171.9,366.74,18.337
663,11,2343,213.0,261.94,23.812727272727273
664,14,2992,213.71428571428572,309.08,22.077142857142857
665,17,4763,280.1764705882353,386.43,22.731176470588235
666,20,4260,213.0,474.86,23.743000000000002
667,5,1336,267.2,156.22,31.244
668,3,108,36.0,64.11,21.37
669,3,42,14.0,26.77,8.923333333333334
670,19,563,29.63157894736842,254.52,13.39578947368421
671,2,77,38.5,39.4,19.7
672,27,1282,47.48148148148148,957.32,35.4562962962963
673,7,280,40.0,254.42000000000002,36.34571428571429
674,2,91,45.5,50.14,25.07
675,4,267,66.75,160.93,40.2325
676,12,261,21.75,241.6,20.133333333333333
677,2,47,23.5,39.68,19.84
678,6,207,34.5,125.96,20.993333333333332
679,3,144,48.0,93.17999999999999,31.06
680,11,350,31.818181818181817,193.56,17.596363636363638
681,2,22,11.0,15.879999999999999,7.9399999999999995
682,1,15,15.0,11.53,11.53
683,4,155,38.75,97.85000000000001,24.462500000000002
684,2,61,30.5,47.6,23.8
685,1,38,38.0,33.84,33.84
686,14,410,29.285714285714285,253.88,18.134285714285713
687,1,43,43.0,19.93,19.93
688,3,106,35.333333333333336,49.78,16.593333333333334
689,2,104,52.0,68.95,34.475
691,1,15,15.0,11.33,11.33
692,3,80,26.666666666666668,30.29,10.096666666666666
693,1,12,12.0,8.38,8.38
696,1,8,8.0,4.6,4.6
697,7,139,19.857142857142858,58.980000000000004,8.425714285714287
699,9,1086,120.66666666666667,99.75999999999999,11.084444444444443
701,5,89,17.8,15.67,3.134
703,53,6904,130.26415094339623,373.24,7.042264150943397
704,4,321,80.25,17.05,4.2625
705,3,347,115.66666666666667,31.9,10.633333333333333
706,7,1104,157.71428571428572,110.51,15.787142857142857
707,1,67,67.0,3.87,3.87
708,2,607,303.5,60.559999999999995,30.279999999999998
709,1,20,20.0,1.18,1.18
710,2,231,115.5,20.4,10.2
711,1,97,97.0,5.15,5.15
714,23,3042,132.2608695652174,310.0,13.478260869565217
715,3,280,93.33333333333333,27.63,9.209999999999999
716,3,133,44.333333333333336,14.23,4.743333333333333
718,6,1478,246.33333333333334,159.57999999999998,26.596666666666664
719,43,7268,169.02325581395348,422.1,9.816279069767443
723,9,1495,166.11111111111111,169.8,18.866666666666667
724,11,1409,128.0909090909091,159.1,14.463636363636363
725,1,42,42.0,22.79,22.79
726,1,9,9.0,2.85,2.85
729,17,958,56.35294117647059,299.67,17.62764705882353
730,3,318,106.0,25.97,8.656666666666666
731,8,246,30.75,157.14000000000001,19.642500000000002
732,36,1086,30.166666666666668,801.5699999999999,22.265833333333333
733,19,3609,189.94736842105263,243.1,12.794736842105262
734,2,165,82.5,11.96,5.98
735,8,1703,212.875,110.13,13.76625
736,6,243,40.5,185.44,30.906666666666666
737,5,683,136.6,63.72,12.744
738,26,6317,242.96153846153845,455.77000000000004,17.529615384615386
739,2,217,108.5,24.19,12.095
740,3,361,120.33333333333333,23.36,7.786666666666666
741,8,1875,234.375,150.95,18.86875
742,2,116,58.0,9.89,4.945
743,4,486,121.5,42.93,10.7325
744,2,117,58.5,13.59,6.795
745,14,390,27.857142857142858,290.08,20.72
746,8,222,27.75,92.97,11.62125
747,14,360,25.714285714285715,267.85,19.13214285714286
748,3,20,6.666666666666667,1.9000000000000001,0.6333333333333334
749,5,115,23.0,68.16,13.632
751,16,3752,234.5,375.09000000000003,23.443125000000002
752,3,95,31.666666666666668,62.81,20.936666666666667
753,3,117,39.0,37.78,12.593333333333334
754,14,2580,184.28571428571428,210.59,15.042142857142858
755,6,351,58.5,153.1,25.516666666666666
756,2,50,25.0,45.43,22.715
759,3,80,26.666666666666668,61.18000000000001,20.393333333333334
760,13,416,32.0,238.16,18.32
761,2,89,44.5,80.22999999999999,40.114999999999995
762,3,93,31.0,50.17,16.723333333333333
763,3,75,25.0,38.64,12.88
764,8,1164,145.5,136.16,17.02
765,9,296,32.888888888888886,150.10000000000002,16.67777777777778
766,6,234,39.0,114.88999999999999,19.14833333333333
767,1,57,57.0,17.32,17.32
768,12,413,34.416666666666664,228.95,19.079166666666666
769,4,148,37.0,64.01,16.0025
770,6,321,53.5,160.2,26.7
771,3,120,40.0,84.31,28.103333333333335
772,1,41,41.0,10.51,10.51
773,9,387,43.0,290.75,32.30555555555556
774,3,93,31.0,53.72,17.906666666666666
775,1,7,7.0,1.9,1.9
776,7,232,33.142857142857146,189.34,27.048571428571428
777,1,14,14.0,5.78,5.78
782,3,162,54.0,17.900000000000002,5.966666666666668
783,96,34942,363.9791666666667,579.24,6.03375
784,16,9517,594.8125,110.36,6.8975
785,6,2191,365.1666666666667,26.259999999999998,4.376666666666666
786,2,1363,681.5,19.73,9.865
788,2,310,155.0,24.380000000000003,12.190000000000001
789,5,102,20.4,55.28,11.056000000000001
791,1,3,3.0,0.14,0.14
792,54,8707,161.24074074074073,771.17,14.280925925925926
793,1,120,120.0,7.31,7.31
794,1,138,138.0,8.1,8.1
795,1,128,128.0,8.0,8.0
796,2,366,183.0,21.6,10.8
797,2,128,64.0,10.5,5.25
798,1,51,51.0,3.1,3.1
799,5,526,105.2,35.410000000000004,7.082000000000001
800,1,130,130.0,7.4,7.4
801,1,82,82.0,4.9,4.9
802,1,46,46.0,2.8,2.8
803,2,119,59.5,9.75,4.875
804,1,22,22.0,0.7,0.7
809,5,1009,201.8,100.78999999999999,20.157999999999998
810,3,867,289.0,65.45,21.816666666666666
812,1,248,248.0,25.0,25.0
815,1,96,96.0,6.0,6.0
817,29,11141,384.17241379310343,382.68,13.195862068965518
819,2,111,55.5,13.399999999999999,6.699999999999999
821,4,1126,281.5,90.30000000000001,22.575000000000003
823,1,111,111.0,6.2,6.2
824,5,964,192.8,78.16,15.632
825,1,13,13.0,1.3,1.3
826,5,99,19.8,69.12,13.824000000000002
827,20,436,21.8,288.21999999999997,14.410999999999998
828,2,27,13.5,19.1,9.55
829,4,107,26.75,59.03,14.7575
830,7,672,96.0,52.78,7.54
831,2,59,29.5,29.169999999999998,14.584999999999999
832,2,68,34.0,15.68,7.84
833,7,106,15.142857142857142,73.61,10.515714285714285
834,5,326,65.2,144.87,28.974
835,1,9,9.0,6.12,6.12
836,2,70,35.0,17.58,8.79
839,1,43,43.0,25.29,25.29
840,2,65,32.5,14.46,7.23
841,7,399,57.0,197.34,28.19142857142857
842,5,255,51.0,149.63,29.926
843,1,1,1.0,1.5,1.5
844,7,341,48.714285714285715,236.64,33.80571428571428
845,25,292,11.68,186.7,7.468
846,1,40,40.0,13.77,13.77
847,3,85,28.333333333333332,37.82,12.606666666666667
848,2,799,399.5,89.08,44.54
849,6,2501,416.8333333333333,266.63,44.43833333333333
850,6,365,60.833333333333336,165.82,27.636666666666667
851,8,649,81.125,34.42,4.3025
852,15,758,50.53333333333333,497.46000000000004,33.164
853,7,216,30.857142857142858,84.81,12.115714285714287
854,14,282,20.142857142857142,109.93,7.852142857142858
855,8,414,51.75,218.5,27.3125
856,3,79,26.333333333333332,54.29,18.096666666666668
857,1,37,37.0,15.72,15.72
858,4,140,35.0,62.56,15.64
859,1,39,39.0,1.48,1.48
860,1,35,35.0,23.78,23.78
861,8,2239,279.875,121.32,15.165
862,3,112,37.333333333333336,69.25,23.083333333333332
863,2,76,38.0,21.060000000000002,10.530000000000001
864,5,157,31.4,45.97,9.193999999999999
865,1,22,22.0,28.54,28.54
866,4,89,22.25,68.87,17.2175
867,1,36,36.0,3.74,3.74
868,1,13,13.0,2.76,2.76
869,4,177,44.25,106.18,26.545
871,7,113,16.142857142857142,66.14,9.448571428571428
873,3,152,50.666666666666664,70.72999999999999,23.576666666666664
874,2,80,40.0,64.23,32.115
876,1,20,20.0,14.33,14.33
877,1,41,41.0,12.65,12.65
878,1,72,72.0,42.99,42.99
880,12,633,52.75,321.8,26.816666666666666
881,4,109,27.25,74.14,18.535
882,6,174,29.0,114.23,19.038333333333334
883,4,1815,453.75,211.89999999999998,52.974999999999994
884,1,571,571.0,62.51,62.51
885,1,60,60.0,62.97,62.97
886,13,384,29.53846153846154,204.11,15.700769230769232
887,7,1911,273.0,196.5,28.071428571428573
888,9,4762,529.1111111111111,404.48,44.94222222222223
889,13,539,41.46153846153846,360.61,27.73923076923077
890,2,398,199.0,42.5,21.25
891,3,137,45.666666666666664,131.45,43.81666666666666
892,1,0,0.0,0.01,0.01
893,1,196,196.0,18.6,18.6
895,2,131,65.5,9.92,4.96
896,1,60,60.0,21.42,21.42
897,5,313,62.6,164.38,32.876
898,13,445,34.23076923076923,281.38,21.644615384615385
899,3,92,30.666666666666668,62.3,20.766666666666666
900,34,1180,34.705882352941174,701.8,20.641176470588235
901,6,201,33.5,185.2,30.866666666666664
902,1,69,69.0,16.98,16.98
903,2,65,32.5,59.34,29.67
904,4,142,35.5,79.07,19.7675
905,1,31,31.0,25.51,25.51
906,1,40,40.0,15.73,15.73
907,24,890,37.083333333333336,548.71,22.862916666666667
908,2,80,40.0,53.0,26.5
910,1,62,62.0,6.69,6.69
912,1,60,60.0,38.29,38.29
913,7,251,35.857142857142854,145.68,20.81142857142857
914,7,199,28.428571428571427,128.75,18.392857142857142
915,17,601,35.35294117647059,277.36,16.31529411764706
916,2,98,49.0,54.9,27.45
917,8,380,47.5,215.83,26.97875
918,1,29,29.0,14.92,14.92
919,8,404,50.5,183.74,22.9675
920,10,364,36.4,148.22,14.822
921,6,210,35.0,112.74000000000001,18.790000000000003
922,1,17,17.0,13.07,13.07
923,4,152,38.0,96.1,24.025
924,2,76,38.0,57.36,28.68
925,2,49,24.5,45.31,22.655
926,3,70,23.333333333333332,38.480000000000004,12.826666666666668
927,4,390,97.5,30.23,7.5575
928,1,116,116.0,6.97,6.97
929,3,119,39.666666666666664,60.900000000000006,20.3
930,2,950,475.0,107.85,53.925
931,1,29,29.0,16.67,16.67
932,20,4520,226.0,464.4,23.22
933,11,378,34.36363636363637,126.29,11.480909090909092
934,1,64,64.0,21.46,21.46
935,2,526,263.0,23.5,11.75
936,3,107,35.666666666666664,56.03,18.676666666666666
938,1,10,10.0,11.03,11.03
939,2,872,436.0,91.46000000000001,45.730000000000004
940,3,106,35.333333333333336,66.34,22.113333333333333
941,2,210,105.0,23.0,11.5
944,2,316,158.0,37.05,18.525
945,16,2039,127.4375,199.85,12.490625
946,1,21,21.0,11.61,11.61
947,2,202,101.0,80.77000000000001,40.385000000000005
948,6,700,116.66666666666667,78.7,13.116666666666667
949,3,140,46.666666666666664,89.8,29.933333333333334
950,4,976,244.0,65.25,16.3125
951,7,754,107.71428571428571,44.62,6.374285714285714
953,11,311,28.272727272727273,188.51,17.137272727272727
954,1,40,40.0,13.64,13.64
956,8,267,33.375,30.1,3.7625
957,8,316,39.5,152.62,19.0775
959,4,111,27.75,68.89,17.2225
960,5,161,32.2,106.99,21.398
962,5,150,30.0,86.82,17.363999999999997
963,16,3071,191.9375,294.69,18.418125
964,1,40,40.0,13.9,13.9
965,4,128,32.0,40.75,10.1875
967,22,714,32.45454545454545,468.08,21.276363636363637
968,6,193,32.166666666666664,183.10999999999999,30.51833333333333
969,5,165,33.0,133.42,26.683999999999997
970,32,1108,34.625,803.76,25.1175
971,33,867,26.272727272727273,510.74,15.476969696969697
972,3,69,23.0,59.92,19.973333333333333
973,18,2597,144.27777777777777,227.99,12.666111111111112
974,11,1715,155.9090909090909,140.09,12.735454545454546
975,4,485,121.25,45.6,11.4
976,4,481,120.25,38.1,9.525
977,28,186,6.642857142857143,100.75,3.5982142857142856
978,2,50,25.0,29.470000000000002,14.735000000000001
979,10,203,20.3,143.58,14.358
980,4,133,33.25,78.19,19.5475
981,3,32,10.666666666666666,17.759999999999998,5.919999999999999
987,1,199,199.0,8.1,8.1
988,2,80,40.0,41.12,20.56
998,2,335,167.5,33.92,16.96
999,2,78,39.0,8.7,4.35
1000,1,40,40.0,31.85,31.85
1001,30,1059,35.3,565.13,18.837666666666667
1002,7,217,31.0,112.85,16.12142857142857
1003,7,258,36.857142857142854,160.93,22.990000000000002
1004,3,91,30.333333333333332,50.67,16.89
1005,14,494,35.285714285714285,349.2,24.942857142857143
1006,9,349,38.77777777777778,174.69,19.41
1009,4,121,30.25,70.81,17.7025
1010,6,154,25.666666666666668,102.72,17.12
1013,1,42,42.0,18.48,18.48
1014,6,202,33.666666666666664,123.89,20.648333333333333
1016,2,45,22.5,10.84,5.42
1017,2,61,30.5,10.45,5.225
1018,1,786,786.0,43.45,43.45
1028,1,40,40.0,22.27,22.27
1029,2,69,34.5,32.34,16.17
1030,2,49,24.5,12.25,6.125
1031,13,486,37.38461538461539,343.02,26.386153846153846
1032,29,4295,148.10344827586206,328.58,11.330344827586206
1033,2,129,64.5,13.81,6.905
1034,7,260,37.142857142857146,123.84,17.69142857142857
1035,1,12,12.0,1.3,1.3
1036,1,40,40.0,27.84,27.84
1038,1,6,6.0,0.89,0.89
1040,2,18,9.0,8.52,4.26
1041,7,1347,192.42857142857142,37.23,5.3185714285714285
1042,16,468,29.25,140.4,8.775
1043,9,1206,134.0,62.57,6.952222222222222
1044,3,112,37.333333333333336,46.44,15.479999999999999
1045,2,61,30.5,20.630000000000003,10.315000000000001
1046,3,63,21.0,32.46,10.82
1047,12,517,43.083333333333336,461.82,38.485
1048,7,357,51.0,211.01,30.14428571428571
1049,2,33,16.5,9.26,4.63
1050,2,60,30.0,9.58,4.79
1051,1,8,8.0,2.8,2.8
1052,2,56,28.0,26.18,13.09
1053,2,46,23.0,40.32,20.16
1054,4,105,26.25,67.07,16.7675
1055,7,164,23.428571428571427,66.36,9.48
1057,8,356,44.5,201.06,25.1325
1059,1,95,95.0,10.3,10.3
1061,3,162,54.0,78.00999999999999,26.00333333333333
1062,5,150,30.0,88.28999999999999,17.657999999999998
1066,1,16,16.0,11.55,11.55
1067,2,114,57.0,78.28,39.14
1069,1,40,40.0,31.88,31.88
1073,1,72,72.0,8.01,8.01
1074,35,1029,29.4,618.59,17.674
1075,4,118,29.5,75.38,18.845
1076,3,72,24.0,46.94,15.646666666666667
1077,4,147,36.75,60.59,15.1475
1078,2,80,40.0,53.260000000000005,26.630000000000003
1080,6,408,68.0,30.299999999999997,5.05
1081,13,1939,149.15384615384616,122.51,9.423846153846155
1082,3,120,40.0,59.5,19.833333333333332
1083,4,160,40.0,58.31,14.5775
1084,1,56,56.0,32.78,32.78
1085,2,174,87.0,82.05,41.025
1087,5,1415,283.0,51.73,10.346
1088,4,113,28.25,55.33,13.8325
1089,5,124,24.8,12.31,2.462
1090,1,40,40.0,21.12,21.12
1091,1,40,40.0,19.55,19.55
1092,2,206,103.0,12.100000000000001,6.050000000000001
1093,1,41,41.0,20.78,20.78
1095,5,194,38.8,88.71000000000001,17.742
1096,12,234,19.5,118.24,9.853333333333333
1098,2,66,33.0,70.97,35.485
1100,6,170,28.333333333333332,92.81,15.468333333333334
1101,3,17,5.666666666666667,9.010000000000002,3.003333333333334
1104,3,116,38.666666666666664,81.26,27.08666666666667
1106,2,72,36.0,42.980000000000004,21.490000000000002
1108,2,37,18.5,14.91,7.455
1110,3,83,27.666666666666668,58.36,19.453333333333333
1111,6,366,61.0,108.94,18.156666666666666
1112,11,984,89.45454545454545,65.08,5.916363636363636
1113,1,92,92.0,10.3,10.3
1114,2,56,28.0,40.7,20.35
1116,4,139,34.75,99.8,24.95
1120,11,1396,126.9090909090909,91.55,8.322727272727272
1121,11,1731,157.36363636363637,106.96000000000001,9.723636363636365
1122,1,62,62.0,4.88,4.88
1123,24,1435,59.791666666666664,854.8199999999999,35.6175
1124,3,120,40.0,78.4,26.133333333333336
1125,2,80,40.0,30.060000000000002,15.030000000000001
1126,2,70,35.0,38.84,19.42
1127,6,208,34.666666666666664,88.83,14.805
1130,2,135,67.5,7.3999999999999995,3.6999999999999997
1133,3,172,57.333333333333336,78.7,26.233333333333334
1134,11,869,79.0,114.99,10.453636363636363
1135,16,764,47.75,286.95,17.934375
1136,15,695,46.333333333333336,324.76,21.650666666666666
1137,3,97,32.333333333333336,51.81,17.27
1138,12,237,19.75,86.66,7.221666666666667
1139,3,647,215.66666666666666,59.33,19.776666666666667
1140,1,199,199.0,9.56,9.56
1141,2,108,54.0,10.08,5.04
1142,7,514,73.42857142857143,30.55,4.364285714285715
1143,23,2419,105.17391304347827,299.27,13.011739130434782
1144,7,895,127.85714285714286,24.64,3.52
1145,4,348,87.0,30.8,7.7
1147,3,160,53.333333333333336,17.9,5.966666666666666
1152,2,170,85.0,15.6,7.8
1155,24,2562,106.75,256.35,10.68125
1156,10,1093,109.3,107.71,10.770999999999999
1157,23,1915,83.26086956521739,128.7,5.595652173913043
1162,4,111,27.75,47.790000000000006,11.947500000000002
1163,12,1238,103.16666666666667,652.78,54.39833333333333
1165,17,1255,73.82352941176471,317.48,18.67529411764706
1166,1,15,15.0,8.57,8.57
1167,12,243,20.25,243.83,20.319166666666668
1168,21,707,33.666666666666664,557.96,26.56952380952381
1171,2,74,37.0,31.26,15.63
1172,4,399,99.75,44.019999999999996,11.004999999999999
1173,2,163,81.5,18.0,9.0
1174,1,38,38.0,4.0,4.0
1175,1,193,193.0,22.8,22.8
1176,1,16,16.0,1.8,1.8
1177,1,118,118.0,13.82,13.82
1178,5,641,128.2,50.5,10.1
1179,2,532,266.0,61.800000000000004,30.900000000000002
1181,1,110,110.0,6.4,6.4
1184,23,1633,71.0,428.64,18.636521739130433
1185,12,994,82.83333333333333,266.65,22.22083333333333
1186,9,536,59.55555555555556,339.64,37.73777777777778
1187,38,4142,109.0,233.26,6.138421052631578
1188,19,2298,120.94736842105263,313.52,16.501052631578947
1189,3,229,76.33333333333333,23.369999999999997,7.789999999999999
1190,2,80,40.0,56.71,28.355
1191,1,138,138.0,15.9,15.9
1192,5,828,165.6,68.3,13.66
1194,3,126,42.0,14.29,4.763333333333333
1195,35,1974,56.4,874.32,24.98057142857143
1197,16,9014,563.375,174.85,10.928125
1198,4,725,181.25,44.1,11.025
1199,7,2904,414.85714285714283,67.05,9.578571428571427
1200,14,6414,458.14285714285717,138.99,9.927857142857144
1201,6,1014,169.0,61.3,10.216666666666667
1202,6,485,80.83333333333333,35.1,5.8500000000000005
1204,9,653,72.55555555555556,38.17,4.2411111111111115
1208,2,300,150.0,17.93,8.965
1209,23,2726,118.52173913043478,148.47,6.455217391304347
1210,8,1307,163.375,77.08,9.635
1211,3,349,116.33333333333333,18.92,6.3066666666666675
1212,4,586,146.5,47.44,11.86
1214,2,244,122.0,13.379999999999999,6.6899999999999995
1215,1,165,165.0,9.6,9.6
1221,4,160,40.0,80.98,20.245
1222,14,4191,299.35714285714283,424.6,30.32857142857143
1223,11,2643,240.27272727272728,262.89,23.89909090909091
1224,4,215,53.75,133.14999999999998,33.287499999999994
1225,3,88,29.333333333333332,35.900000000000006,11.966666666666669
1226,16,520,32.5,422.63,26.414375
1227,13,407,31.307692307692307,366.38,28.18307692307692
1229,1,4,4.0,54.85,54.85
1231,1,22,22.0,16.19,16.19
1232,2,107,53.5,83.94999999999999,41.974999999999994
1233,18,3268,181.55555555555554,368.43,20.468333333333334
1234,7,280,40.0,149.69,21.384285714285713
1235,6,682,113.66666666666667,216.67999999999998,36.11333333333333
1236,8,734,91.75,271.76,33.97
1237,4,136,34.0,76.82,19.205
1238,2,80,40.0,53.92,26.96
1239,3,82,27.333333333333332,80.98,26.993333333333336
1240,5,211,42.2,71.46000000000001,14.292000000000002
1241,10,334,33.4,192.43,19.243000000000002
1242,2,61,30.5,46.41,23.205
1244,2,66,33.0,45.67,22.835
1245,3,115,38.333333333333336,70.66,23.55333333333333
1247,1,5,5.0,2.89,2.89
1249,1,43,43.0,15.69,15.69
1251,5,144,28.8,76.58,15.315999999999999
1252,4,158,39.5,102.68,25.67
1253,1,65,65.0,50.6,50.6
1254,4,657,164.25,36.03,9.0075
1255,7,201,28.714285714285715,155.06,22.15142857142857
1256,1,26,26.0,20.16,20.16
1257,2,87,43.5,50.290000000000006,25.145000000000003
1258,26,4360,167.69230769230768,159.31,6.127307692307692
1259,1,18,18.0,12.35,12.35
1260,1,38,38.0,7.89,7.89
1263,2,71,35.5,50.03,25.015
1264,2,120,60.0,89.96000000000001,44.980000000000004
1265,1,12,12.0,5.53,5.53
1266,3,256,85.33333333333333,101.5,33.833333333333336
1268,5,2438,487.6,25.46,5.0920000000000005
1274,5,139,27.8,82.36,16.472
1276,2,85,42.5,65.61,32.805
1277,2,49,24.5,46.23,23.115
1280,1,1,1.0,0.06,0.06
1282,6,359,59.833333333333336,24.8,4.133333333333334
1284,3,690,230.0,76.1,25.366666666666664
1285,8,396,49.5,37.300000000000004,4.6625000000000005
1287,1,116,116.0,7.0,7.0
1291,18,1227,68.16666666666667,291.29,16.18277777777778
1292,4,46,11.5,30.53,7.6325
1294,2,80,40.0,14.05,7.025
1295,6,295,49.166666666666664,197.73000000000002,32.955000000000005
1297,2,80,40.0,42.84,21.42
1299,1,23,23.0,15.65,15.65
1300,3,572,190.66666666666666,32.32,10.773333333333333
1301,4,409,102.25,30.310000000000002,7.577500000000001
1302,1,103,103.0,6.3,6.3
1303,1,36,36.0,4.22,4.22
1307,2,245,122.5,21.27,10.635
1308,1,306,306.0,24.97,24.97
1309,1,67,67.0,3.88,3.88
1310,1,40,40.0,24.52,24.52
1311,2,125,62.5,99.28999999999999,49.644999999999996
1314,40,5852,146.3,325.27,8.13175
1315,1,14,14.0,0.8,0.8
1319,9,243,27.0,124.63,13.847777777777777
1320,5,144,28.8,83.14,16.628
1321,6,178,29.666666666666668,100.49000000000001,16.748333333333335
1322,2,74,37.0,32.79,16.395
1323,8,308,38.5,268.07,33.50875
1324,5,173,34.6,108.11,21.622
1325,2,56,28.0,39.28,19.64
1326,2,488,244.0,52.6,26.3
1327,1,40,40.0,22.1,22.1
1329,1,194,194.0,19.0,19.0
1331,2,659,329.5,70.88,35.44
1332,3,106,35.333333333333336,61.55,20.516666666666666
1333,2,86,43.0,34.36,17.18
1334,1,4,4.0,4.41,4.41
1335,14,497,35.5,418.32,29.88
1336,5,122,24.4,77.94,15.588
1338,1,716,716.0,30.65,30.65
1340,5,997,199.4,78.77,15.754
1342,2,84,42.0,78.42,39.21
1345,3,256,85.33333333333333,56.14,18.713333333333335
1348,2,90,45.0,48.21,24.105
1352,3,94,31.333333333333332,55.87,18.62333333333333
1353,8,304,38.0,165.79,20.72375
1354,1,40,40.0,21.71,21.71
1355,3,63,21.0,53.45,17.816666666666666
1356,1,11,11.0,6.81,6.81
1357,1,0,0.0,0.01,0.01
1361,2,80,40.0,60.74,30.37
1363,2,162,81.0,12.91,6.455
1365,2,1,0.5,0.2,0.1
1366,2,87,43.5,76.18,38.09
1367,10,400,40.0,195.24,19.524
1368,2,80,40.0,41.349999999999994,20.674999999999997
1369,4,139,34.75,81.52,20.38
1372,1,65,65.0,7.5,7.5
1375,2,80,40.0,43.22,21.61
1380,1,10,10.0,6.67,6.67
1389,39,3167,81.2051282051282,283.8,7.276923076923077
1392,10,770,77.0,82.0,8.2
1393,1,327,327.0,18.09,18.09
1394,4,270,67.5,20.560000000000002,5.140000000000001
1395,3,173,57.666666666666664,17.69,5.896666666666667
1396,1,25,25.0,18.12,18.12
1397,1,76,76.0,44.13,44.13
1398,2,70,35.0,94.34,47.17
1399,1,40,40.0,6.25,6.25
1400,1,465,465.0,46.19,46.19
1401,2,77,38.5,42.93,21.465
1402,1,194,194.0,21.4,21.4
1403,1,9,9.0,6.22,6.22
1405,3,118,39.333333333333336,79.74000000000001,26.580000000000002
1406,1,12,12.0,6.05,6.05
1408,3,100,33.333333333333336,100.36,33.45333333333333
1411,7,1928,275.42857142857144,217.36,31.051428571428573
1412,3,74,24.666666666666668,53.66,17.886666666666667
1418,4,1788,447.0,37.88,9.47
1420,1,20,20.0,8.34,8.34
1421,2,61,30.5,50.29,25.145
1423,6,2236,372.6666666666667,250.38,41.73
1424,1,476,476.0,35.47,35.47
1425,1,40,40.0,34.47,34.47
1426,1,408,408.0,46.01,46.01
1427,1,18,18.0,2.0,2.0
1428,12,199,16.583333333333332,73.34,6.111666666666667
1429,3,383,127.66666666666667,19.28,6.426666666666667
1430,1,136,136.0,15.68,15.68
1431,1,75,75.0,8.75,8.75
1432,11,194,17.636363636363637,76.8,6.9818181818181815
1433,7,256,36.57142857142857,147.87,21.124285714285715
1435,1,29,29.0,29.91,29.91
1436,4,118,29.5,131.44,32.86
1444,13,458,35.23076923076923,563.1,43.315384615384616
1445,1,43,43.0,13.37,13.37
1446,2,47,23.5,5.3,2.65
1447,2,31,15.5,18.2,9.1
1454,1,37,37.0,22.3,22.3
1456,4,97,24.25,60.019999999999996,15.004999999999999
1457,1,465,465.0,47.62,47.62
1461,3,495,165.0,55.8,18.599999999999998
1462,3,59,19.666666666666668,58.760000000000005,19.58666666666667
1463,15,400,26.666666666666668,196.04000000000002,13.069333333333335
1464,3,35,11.666666666666666,29.82,9.94
1465,1,22,22.0,17.34,17.34
1466,2,50,25.0,20.92,10.46
1467,12,390,32.5,215.83,17.985833333333336
1470,1,66,66.0,3.9,3.9
1476,4,916,229.0,57.06,14.265
1478,6,204,34.0,90.03,15.005
1481,2,164,82.0,18.23,9.115
1482,8,293,36.625,62.14,7.7675
1484,1,77,77.0,4.4,4.4
1488,9,388,43.111111111111114,188.16,20.906666666666666
1489,3,89,29.666666666666668,52.989999999999995,17.66333333333333
1490,34,1245,36.61764705882353,553.23,16.271470588235296
1493,3,3154,1051.3333333333333,79.53999999999999,26.513333333333332
1494,9,7648,849.7777777777778,193.06,21.45111111111111
1502,6,514,85.66666666666667,41.81,6.968333333333334
1503,5,138,27.6,140.44,28.088
1505,7,204,29.142857142857142,235.65,33.66428571428572
1506,1,22,22.0,13.52,13.52
1507,37,8616,232.86486486486487,535.24,14.465945945945947
1508,1,61,61.0,6.58,6.58
1509,2,196,98.0,22.020000000000003,11.010000000000002
1511,23,3790,164.7826086956522,226.0,9.826086956521738
1512,2,263,131.5,11.51,5.755
1513,2,101,50.5,63.25,31.625
1514,1,151,151.0,15.95,15.95
1517,6,179,29.833333333333332,124.31,20.718333333333334
1521,8,199,24.875,162.87,20.35875
1523,3,178,59.333333333333336,116.85,38.949999999999996
1524,6,224,37.333333333333336,98.01,16.335
1525,4,83,20.75,52.66,13.165
1530,1,45,45.0,34.57,34.57
1531,2,124,62.0,14.26,7.13
1532,9,256,28.444444444444443,186.26,20.695555555555554
1533,2,80,40.0,56.989999999999995,28.494999999999997
1535,1,199,199.0,11.84,11.84
1536,22,3758,170.8181818181818,262.8,11.945454545454545
1537,3,619,206.33333333333334,34.85,11.616666666666667
1538,18,6827,379.27777777777777,646.9,35.93888888888889
1539,1,19,19.0,1.09,1.09
1542,4,81,20.25,87.86,21.965
1543,2,6,3.0,0.29000000000000004,0.14500000000000002
1544,2,76,38.0,12.94,6.47
1545,6,1100,183.33333333333334,62.31,10.385
1546,1,74,74.0,4.32,4.32
1547,1,227,227.0,12.52,12.52
1548,7,788,112.57142857142857,45.46,6.494285714285715
1550,4,588,147.0,56.21000000000001,14.052500000000002
1551,1,455,455.0,45.39,45.39
1552,34,7780,228.8235294117647,779.0,22.91176470588235
1553,1,35,35.0,19.73,19.73
1554,3,95,31.666666666666668,53.56,17.853333333333335
1555,5,156,31.2,97.50999999999999,19.502
1556,4,164,41.0,92.28,23.07
1557,1,63,63.0,20.92,20.92
1560,3,447,149.0,40.71,13.57
1561,1,75,75.0,18.4,18.4
1566,1,40,40.0,37.45,37.45
1567,1,363,363.0,39.26,39.26
1568,2,679,339.5,78.6,39.3
1569,1,85,85.0,9.74,9.74
1570,4,115,28.75,46.33,11.5825
1571,1,7,7.0,0.78,0.78
1572,1,619,619.0,44.41,44.41
1573,6,245,40.833333333333336,99.8,16.633333333333333
1577,3,455,151.66666666666666,48.1,16.033333333333335
1578,8,2345,293.125,226.82999999999998,28.353749999999998
1579,2,281,140.5,103.74000000000001,51.870000000000005
1582,6,228,38.0,130.31,21.718333333333334
1583,1,78,78.0,4.53,4.53
1584,6,197,32.833333333333336,69.38,11.563333333333333
1585,4,702,175.5,63.24,15.81
1586,1,40,40.0,40.54,40.54
1587,1,13,13.0,8.03,8.03
1591,2,36,18.0,3.2699999999999996,1.6349999999999998
1593,1,60,60.0,61.85,61.85
1595,1,37,37.0,21.48,21.48
1597,1,86,86.0,9.44,9.44
1598,6,3062,510.3333333333333,208.49,34.748333333333335
1599,2,110,55.0,70.01,35.005
1601,6,219,36.5,177.16,29.526666666666667
1604,3,64,21.333333333333332,7.0,2.3333333333333335
1605,8,1441,180.125,81.15,10.14375
1606,4,825,206.25,43.65,10.9125
1607,2,420,210.0,22.43,11.215
1608,3,601,200.33333333333334,33.91,11.303333333333333
1609,1,1431,1431.0,11.28,11.28
1613,2,20,10.0,23.58,11.79
1614,1,38,38.0,19.06,19.06
1615,4,139,34.75,105.34,26.335
1616,4,120,30.0,91.39,22.8475
1617,1,2,2.0,1.65,1.65
1619,1,12,12.0,1.16,1.16
1620,5,199,39.8,131.24,26.248
1623,4,710,177.5,56.7,14.175
1624,3,976,325.3333333333333,57.51,19.169999999999998
1626,1,80,80.0,6.81,6.81
1629,2,47,23.5,32.41,16.205
1631,3,281,93.66666666666667,18.080000000000002,6.026666666666667
1637,2,242,121.0,13.37,6.685
1638,3,69,23.0,36.05,12.016666666666666
1640,3,175,58.333333333333336,71.6,23.866666666666664
1647,2,95,47.5,51.2,25.6
1652,2,64,32.0,34.120000000000005,17.060000000000002
1655,3,730,243.33333333333334,71.52,23.84
1657,3,534,178.0,33.870000000000005,11.290000000000001
1659,3,87,29.0,20.369999999999997,6.789999999999999
1660,1,33,33.0,33.12,33.12
1661,1,111,111.0,8.67,8.67
1665,2,357,178.5,36.8,18.4
1666,7,618,88.28571428571429,41.92,5.988571428571428
1667,1,167,167.0,19.24,19.24
1671,5,188,37.6,14.68,2.936
1672,7,186,26.571428571428573,110.68,15.811428571428573
1673,4,148,37.0,106.47,26.6175
1674,4,126,31.5,80.78999999999999,20.197499999999998
1675,3,162,54.0,98.2,32.733333333333334
1676,1,40,40.0,36.7,36.7
1677,1,73,73.0,5.78,5.78
1678,1,140,140.0,15.19,15.19
1679,2,71,35.5,55.980000000000004,27.990000000000002
1680,10,1890,189.0,193.4,19.34
1681,2,191,95.5,14.78,7.39
1688,6,536,89.33333333333333,215.9,35.983333333333334
1689,1,94,94.0,33.37,33.37
1692,1,34,34.0,29.27,29.27
1695,2,637,318.5,65.03,32.515
1696,1,117,117.0,12.88,12.88
1697,1,21,21.0,20.77,20.77
1698,7,236,33.714285714285715,150.4,21.485714285714288
1701,1,10,10.0,1.0,1.0
1702,1,35,35.0,37.28,37.28
1703,2,48,24.0,27.98,13.99
1704,2,33,16.5,16.19,8.095
1705,4,147,36.75,95.15,23.7875
1706,2,61,30.5,36.71,18.355
1707,1,27,27.0,16.68,16.68
1708,2,63,31.5,54.1,27.05
1709,2,65,32.5,69.38,34.69
1710,1,37,37.0,19.77,19.77
1712,1,39,39.0,30.39,30.39
1714,3,262,87.33333333333333,134.75,44.916666666666664
1717,1,33,33.0,23.14,23.14
1719,1,66,66.0,7.58,7.58
1721,3,603,201.0,42.370000000000005,14.123333333333335
1722,4,551,137.75,49.98,12.495
1723,1,32,32.0,25.6,25.6
1726,1,320,320.0,35.06,35.06
1730,2,96,48.0,59.43000000000001,29.715000000000003
1731,2,143,71.5,9.7,4.85
1732,2,539,269.5,62.8,31.4
1733,3,72,24.0,38.87,12.956666666666665
1737,1,9,9.0,7.06,7.06
1738,2,97,48.5,5.8,2.9
1741,2,63,31.5,47.3,23.65
1744,2,93,46.5,41.349999999999994,20.674999999999997
1745,3,16,5.333333333333333,10.15,3.3833333333333333
1747,5,588,117.6,35.89,7.178
1748,8,7345,918.125,399.06,49.8825
1749,3,182,60.666666666666664,89.06,29.686666666666667
1752,7,236,33.714285714285715,172.85000000000002,24.692857142857147
1755,4,365,91.25,72.31,18.0775
1757,4,88,22.0,32.11,8.0275
1759,2,46,23.0,31.02,15.51
1760,3,1193,397.6666666666667,124.75999999999999,41.586666666666666
1761,1,55,55.0,6.22,6.22
1762,3,110,36.666666666666664,78.48,26.16
1763,9,387,43.0,191.41,21.267777777777777
1764,1,316,316.0,29.06,29.06
1765,4,1054,263.5,118.4,29.6
1766,10,2557,255.7,286.7,28.669999999999998
1767,2,51,25.5,37.32,18.66
1768,3,20,6.666666666666667,14.56,4.8533333333333335
1779,1,616,616.0,60.96,60.96
1780,8,432,54.0,305.88,38.235
1781,1,53,53.0,31.82,31.82
1782,5,3768,753.6,99.06,19.812
1783,3,1180,393.3333333333333,71.19,23.73
1793,3,120,40.0,72.13,24.043333333333333
1794,3,2635,878.3333333333334,103.89,34.63
1797,1,175,175.0,10.0,10.0
1800,1,70,70.0,45.08,45.08
1801,1,47,47.0,7.55,7.55
1802,1,60,60.0,44.55,44.55
1803,1,35,35.0,0.21,0.21
1804,13,2146,165.07692307692307,153.0,11.76923076923077
1806,1,302,302.0,10.15,10.15
1807,1,38,38.0,2.2,2.2
1808,1,57,57.0,3.28,3.28
1811,24,849,35.375,400.23,16.67625
1814,6,2946,491.0,322.1,53.68333333333334
1815,1,97,97.0,11.5,11.5
1817,5,200,40.0,152.0,30.4
1818,6,1050,175.0,61.699999999999996,10.283333333333333
1819,4,406,101.5,24.8,6.2
1820,2,204,102.0,12.4,6.2
1821,1,119,119.0,7.3,7.3
1828,3,197,65.66666666666667,16.1,5.366666666666667
1829,3,268,89.33333333333333,20.169999999999998,6.723333333333333
1830,3,729,243.0,47.82,15.94
1831,2,203,101.5,14.59,7.295
1832,1,112,112.0,6.8,6.8
1833,3,1311,437.0,57.41,19.136666666666667
1834,3,2086,695.3333333333334,79.72999999999999,26.576666666666664
1835,2,880,440.0,51.56,25.78
1842,2,62,31.0,50.04,25.02
1843,1,53,53.0,3.14,3.14
1844,3,1397,465.6666666666667,105.42,35.14
1846,3,846,282.0,84.36,28.12
1848,1,37,37.0,26.51,26.51
1849,7,182,26.0,108.71000000000001,15.530000000000001
1851,7,818,116.85714285714286,48.41,6.9157142857142855
1852,3,681,227.0,59.3,19.766666666666666
1853,2,349,174.5,30.2,15.1
1856,1,44,44.0,27.53,27.53
1857,2,48,24.0,23.950000000000003,11.975000000000001
1858,1,38,38.0,42.4,42.4
1860,7,376,53.714285714285715,299.03,42.71857142857142
1861,1,39,39.0,29.18,29.18
1863,1,474,474.0,49.2,49.2
1864,3,1571,523.6666666666666,176.11,58.70333333333334
1866,1,123,123.0,13.5,13.5
1867,1,49,49.0,5.32,5.32
1868,1,17,17.0,10.03,10.03
1871,10,945,94.5,87.9,8.790000000000001
1873,2,83,41.5,9.290000000000001,4.6450000000000005
1876,8,1044,130.5,417.04,52.13
1877,1,61,61.0,6.8,6.8
1879,5,176,35.2,103.89,20.778
1881,2,32,16.0,21.97,10.985
1882,4,609,152.25,47.25,11.8125
1883,1,42,42.0,2.6,2.6
1889,1,210,210.0,12.33,12.33
1891,5,67,13.4,2.99,0.5980000000000001
1892,2,159,79.5,9.059999999999999,4.529999999999999
1893,1,241,241.0,22.93,22.93
1897,4,151,37.75,75.28,18.82
1906,1,114,114.0,10.75,10.75
1911,3,92,30.666666666666668,68.57,22.856666666666666
1912,5,129,25.8,132.0,26.4
1913,5,151,30.2,141.96,28.392000000000003
1914,3,131,43.666666666666664,101.71,33.90333333333333
1919,9,334,37.111111111111114,165.91,18.434444444444445
1920,2,56,28.0,60.15,30.075
1924,2,1043,521.5,63.6,31.8
1925,6,531,88.5,123.05,20.508333333333333
1926,1,462,462.0,34.76,34.76
1927,1,66,66.0,26.09,26.09
1929,2,1627,813.5,139.09,69.545
1931,2,86,43.0,50.36,25.18
1934,2,324,162.0,36.8,18.4
1942,1,388,388.0,39.3,39.3
1943,2,492,246.0,46.900000000000006,23.450000000000003
1945,2,137,68.5,14.950000000000001,7.4750000000000005
1946,1,79,79.0,6.28,6.28
1948,2,33,16.5,23.08,11.54
1949,2,126,63.0,70.67,35.335
1951,1,136,136.0,8.23,8.23
1952,2,411,205.5,23.5,11.75
1953,9,970,107.77777777777777,84.5,9.38888888888889
1954,4,207,51.75,112.59,28.1475
1962,1,7,7.0,4.12,4.12
1963,1,34,34.0,25.91,25.91
1964,2,149,74.5,16.89,8.445
1967,2,58,29.0,3.44,1.72
1969,17,1902,111.88235294117646,144.77,8.515882352941176
1970,12,3890,324.1666666666667,420.43,35.035833333333336
1971,2,80,40.0,61.25,30.625
1972,4,164,41.0,88.1,22.025
1975,3,248,82.66666666666667,20.33,6.776666666666666
1976,1,147,147.0,17.51,17.51
1977,1,93,93.0,10.1,10.1
1978,1,82,82.0,3.4,3.4
1983,1,34,34.0,3.86,3.86
1984,1,264,264.0,10.55,10.55
1985,1,48,48.0,2.86,2.86
1989,3,90,30.0,92.75,30.916666666666668
1990,1,48,48.0,29.7,29.7
1992,4,237,59.25,20.47,5.1175
1995,1,32,32.0,26.58,26.58
1997,2,198,99.0,19.130000000000003,9.565000000000001
1998,2,267,133.5,17.46,8.73
1999,12,450,37.5,269.15999999999997,22.429999999999996
2001,2,485,242.5,25.89,12.945
2003,4,236,59.0,119.99,29.9975
2004,1,25,25.0,20.89,20.89
2005,1,40,40.0,30.35,30.35
2007,1,43,43.0,30.13,30.13
2012,4,242,60.5,164.77,41.1925
2014,2,2,1.0,0.44999999999999996,0.22499999999999998
2015,5,1748,349.6,199.6,39.92
2017,3,80,26.666666666666668,7.25,2.4166666666666665
2019,1,15,15.0,8.95,8.95
2020,2,52,26.0,30.6,15.3
2023,1,274,274.0,21.61,21.61
2024,2,30,15.0,2.0,1.0
2025,2,115,57.5,60.89,30.445
2027,1,159,159.0,9.69,9.69
2028,2,159,79.5,9.549999999999999,4.7749999999999995
2032,12,937,78.08333333333333,108.0,9.0
2035,1,54,54.0,5.22,5.22
2042,2,216,108.0,17.43,8.715
2048,4,1663,415.75,100.63,25.1575
2049,3,914,304.6666666666667,104.13,34.71
2050,2,53,26.5,25.97,12.985
2051,3,52,17.333333333333332,28.240000000000002,9.413333333333334
2052,1,11,11.0,6.62,6.62
2053,1,52,52.0,5.8,5.8
2058,1,60,60.0,39.45,39.45
2059,30,2868,95.6,162.94,5.431333333333333
2060,20,1965,98.25,112.16,5.608
2061,1,189,189.0,10.84,10.84
2062,1,53,53.0,3.08,3.08
2065,6,187,31.166666666666668,112.39,18.731666666666666
2066,1,25,25.0,25.64,25.64
2068,8,1311,163.875,147.32999999999998,18.416249999999998
2071,1,15,15.0,5.62,5.62
2077,1,17,17.0,6.19,6.19
2080,5,171,34.2,106.36,21.272
2081,4,657,164.25,72.85,18.2125
2082,2,227,113.5,25.25,12.625
2083,4,464,116.0,43.64,10.91
2085,1,33,33.0,19.6,19.6
2087,6,2514,419.0,81.8,13.633333333333333
2088,2,978,489.0,37.69,18.845
2095,8,288,36.0,168.2,21.025
2096,5,467,93.4,47.7,9.540000000000001
2097,1,108,108.0,11.6,11.6
2098,1,118,118.0,11.04,11.04
2101,1,117,117.0,7.2,7.2
2102,2,481,240.5,56.53,28.265
2106,1,58,58.0,6.18,6.18
2108,1,27,27.0,24.44,24.44
2111,2,1445,722.5,79.9,39.95
2112,3,1624,541.3333333333334,132.46,44.153333333333336
2113,1,421,421.0,37.79,37.79
2114,3,442,147.33333333333334,49.06999999999999,16.356666666666666
2120,1,1,1.0,0.01,0.01
2121,1,291,291.0,16.09,16.09
2125,4,264,66.0,120.8,30.2
2129,1,197,197.0,10.0,10.0
2135,1,1,1.0,0.07,0.07
2137,2,52,26.0,1.96,0.98
2138,3,529,176.33333333333334,30.61,10.203333333333333
2139,1,50,50.0,2.98,2.98
2141,2,921,460.5,99.4,49.7
2142,1,45,45.0,5.25,5.25
2143,2,273,136.5,20.39,10.195
2144,1,182,182.0,11.41,11.41
2148,3,29,9.666666666666666,21.5,7.166666666666667
2150,1,40,40.0,29.32,29.32
2152,4,350,87.5,33.9,8.475
2154,1,22,22.0,1.36,1.36
2155,2,195,97.5,15.100000000000001,7.550000000000001
2161,1,635,635.0,23.31,23.31
2162,2,1089,544.5,26.83,13.415
2163,1,162,162.0,5.4,5.4
2165,1,157,157.0,9.32,9.32
2169,1,152,152.0,12.09,12.09
2173,1,40,40.0,19.71,19.71
2176,1,89,89.0,10.5,10.5
2177,1,52,52.0,5.86,5.86
2178,1,74,74.0,8.8,8.8
2179,2,102,51.0,12.0,6.0
2181,1,84,84.0,31.29,31.29
2183,1,545,545.0,51.52,51.52
2191,6,667,111.16666666666667,56.69,9.448333333333332
2194,1,62,62.0,8.64,8.64
2195,1,11,11.0,7.98,7.98
2200,2,52,26.0,30.49,15.245
2206,9,1837,204.11111111111111,170.4,18.933333333333334
2208,5,132,26.4,88.46,17.692
2210,1,28,28.0,57.63,57.63
2211,1,22,22.0,12.4,12.4
2218,2,52,26.0,4.37,2.185
2223,1,43,43.0,34.69,34.69
2224,1,36,36.0,22.83,22.83
2227,1,25,25.0,2.82,2.82
2229,4,320,80.0,117.68,29.42
2236,1,37,37.0,4.1,4.1
2240,1,24,24.0,17.79,17.79
2245,2,187,93.5,16.07,8.035
2260,1,131,131.0,11.25,11.25
2264,1,2,2.0,0.17,0.17
2268,1,16,16.0,10.39,10.39
2271,1,39,39.0,2.12,2.12
2279,4,717,179.25,82.2,20.55
2280,1,246,246.0,28.2,28.2
2281,1,78,78.0,8.76,8.76
2282,1,20,20.0,9.27,9.27
2284,5,377,75.4,40.74,8.148
2285,1,300,300.0,17.05,17.05
2286,7,1488,212.57142857142858,111.39999999999999,15.914285714285713
2288,1,864,864.0,22.18,22.18
2292,1,431,431.0,25.36,25.36
2300,4,1349,337.25,140.4,35.1
2301,2,500,250.0,47.800000000000004,23.900000000000002
2302,3,1786,595.3333333333334,44.239999999999995,14.746666666666664
2303,6,5427,904.5,93.56,15.593333333333334
2304,2,1813,906.5,22.52,11.26
2306,5,923,184.6,88.86,17.772
2307,2,473,236.5,51.0,25.5
2308,3,645,215.0,31.810000000000002,10.603333333333333
2311,1,55,55.0,6.3,6.3
2312,1,40,40.0,4.5,4.5
2313,1,40,40.0,16.16,16.16
2314,1,40,40.0,29.64,29.64
2323,4,461,115.25,50.24,12.56
2324,1,57,57.0,6.2,6.2
2332,2,226,113.0,23.52,11.76
2336,4,140,35.0,137.64,34.41
2340,1,43,43.0,2.59,2.59
2342,1,43,43.0,12.72,12.72
2345,1,112,112.0,10.88,10.88
2349,1,9,9.0,3.55,3.55
2377,1,43,43.0,24.7,24.7
2379,1,93,93.0,10.6,10.6
2383,1,64,64.0,31.43,31.43
2384,1,63,63.0,6.59,6.59
2389,1,254,254.0,28.56,28.56
2411,1,57,57.0,3.42,3.42
2413,1,34,34.0,13.98,13.98
2429,1,98,98.0,10.88,10.88
