Feature,Importance
num__ChargerHourHistoricalMean,0.11929545
num__HistoricalChargerMean,0.08337447
cat__ChargerType_0,0.027332824
cat__ChargerType_1,0.023918888
num__Hour,0.021320576
cat__ChargerID_267,0.012020868
cat__ChargerCompany_0,0.011386478
cat__ChargerID_573,0.01066702
cat__ChargerID_613,0.010543248
cat__Location_market,0.009875359
cat__ChargerID_555,0.008444201
cat__ChargerID_118,0.008403936
cat__ChargerID_19,0.008229995
num__PreviousChargerDemand,0.008115388
cat__ChargerCompany_1,0.008038137
cat__Location_hotel,0.008008611
cat__ChargerID_665,0.007897391
cat__ChargerID_1253,0.007894822
cat__ChargerID_1163,0.007870309
cat__ChargerID_377,0.007722141
cat__ChargerID_1748,0.007679118
cat__ChargerID_273,0.0076223174
cat__ChargerID_250,0.007612595
cat__ChargerID_14,0.007323419
cat__ChargerID_977,0.0071195834
cat__Location_resort,0.007101703
cat__ChargerID_287,0.0069963653
cat__ChargerID_1814,0.006979287
cat__ChargerID_433,0.0068267845
cat__ChargerID_251,0.006748578
cat__ChargerID_219,0.006747442
cat__ChargerID_23,0.006729329
cat__Location_golf,0.0067151715
num__IsWeekend,0.006677496
cat__Location_public area,0.0065867896
cat__Location_restaurant,0.006529788
cat__ChargerID_431,0.0064914627
cat__ChargerID_187,0.006426523
cat__ChargerID_291,0.0063778744
cat__ChargerID_491,0.006057046
cat__ChargerID_214,0.0060309903
cat__ChargerID_21,0.005990292
cat__ChargerID_89,0.005980606
cat__ChargerID_950,0.0059717186
cat__ChargerID_221,0.005959772
cat__ChargerID_1926,0.005943019
cat__Location_camping,0.005893044
cat__ChargerID_284,0.005849693
cat__ChargerID_13,0.005804616
cat__ChargerID_674,0.0057872646
cat__Location_company,0.00576942
cat__ChargerID_56,0.0057522133
cat__ChargerID_33,0.005748741
cat__ChargerID_278,0.005702606
cat__ChargerID_83,0.005699328
cat__ChargerID_557,0.0055863573
cat__ChargerID_1929,0.005585494
cat__ChargerID_200,0.0055657253
cat__ChargerID_1716,0.005499216
num__HistoricalLocationMean,0.005475197
cat__ChargerID_96,0.0053989934
cat__ChargerID_373,0.005380937
cat__ChargerID_66,0.005320188
cat__ChargerID_2316,0.005285241
cat__ChargerID_512,0.0052781156
cat__ChargerID_1342,0.0051305685
cat__ChargerID_1603,0.0050410614
cat__ChargerID_732,0.0050346553
cat__ChargerID_1538,0.004985734
cat__ChargerID_171,0.004976603
cat__ChargerID_49,0.0048762807
cat__ChargerID_2323,0.004845373
cat__ChargerID_107,0.004841128
cat__ChargerID_2395,0.00484033
cat__ChargerID_126,0.0048271827
cat__ChargerID_199,0.004763464
cat__ChargerID_1358,0.004744199
cat__ChargerID_1922,0.004716326
cat__ChargerID_140,0.0047123227
cat__ChargerID_162,0.0047001927
cat__ChargerID_211,0.004649853
cat__ChargerID_1749,0.0046312264
cat__ChargerID_735,0.004613748
cat__ChargerID_635,0.0045932303
cat__ChargerID_224,0.0045625046
cat__Location_public parking lot,0.004537462
cat__ChargerID_155,0.004536724
cat__ChargerID_375,0.0044651153
cat__ChargerID_371,0.004411074
cat__ChargerID_260,0.0043630684
cat__ChargerID_1047,0.0043102065
cat__ChargerID_362,0.0043101725
cat__ChargerID_1444,0.0043034446
num__Month,0.0042875265
cat__ChargerID_357,0.004237487
cat__ChargerID_175,0.004235589
cat__ChargerID_513,0.0041599465
cat__ChargerID_305,0.004156241
cat__ChargerID_349,0.004079956
cat__ChargerID_163,0.0040146876
cat__ChargerID_773,0.0040144706
cat__ChargerID_191,0.003993875
cat__ChargerID_865,0.003954704
cat__ChargerID_1256,0.0039167446
cat__ChargerID_374,0.0038835034
cat__ChargerID_914,0.0038795806
cat__ChargerID_2141,0.0038266466
cat__ChargerID_1860,0.0038220673
cat__ChargerID_931,0.0037804288
cat__ChargerID_45,0.0037736038
cat__ChargerID_111,0.0037457747
cat__ChargerID_2425,0.0037381304
cat__ChargerID_372,0.0037295453
cat__ChargerID_920,0.0037035786
cat__ChargerID_312,0.003647604
cat__ChargerID_2488,0.0036347958
cat__ChargerID_945,0.003617423
cat__ChargerID_208,0.003586833
cat__ChargerID_449,0.0035641657
cat__ChargerID_326,0.003558696
cat__ChargerID_52,0.0035529642
cat__ChargerID_1486,0.0035342292
cat__ChargerID_1123,0.0035304113
cat__ChargerID_888,0.0035301526
cat__ChargerID_108,0.0035230294
cat__ChargerID_1876,0.0034440972
cat__ChargerID_1833,0.0034108032
cat__ChargerID_1816,0.003383209
cat__Location_apartment,0.0033273827
num__Year,0.0033086466
cat__ChargerID_1991,0.0033001695
cat__ChargerID_481,0.0032755465
cat__ChargerID_1023,0.003193642
num__WeekOfYear,0.0028943862
cat__ChargerID_1804,0.0028939075
num__PreviousLocationDemand,0.0027985878
cat__ChargerID_26,0.0027830095
cat__ChargerID_740,0.0027348136
cat__ChargerID_1865,0.002666089
cat__ChargerID_1862,0.0026357519
cat__ChargerID_1236,0.0019369423
num__DayOfWeek,0.0018714742
cat__ChargerID_55,0.0017184266
cat__ChargerID_242,0.0013935334
num__DayOfMonth,0.0013901396
cat__ChargerID_770,0.0009429676
cat__ChargerID_1392,0.00082630065
cat__ChargerID_2068,0.00036498404
cat__ChargerID_72,0.0
cat__ChargerID_69,0.0
cat__ChargerID_68,0.0
cat__ChargerID_65,0.0
cat__ChargerID_64,0.0
cat__ChargerID_62,0.0
cat__ChargerID_102,0.0
cat__ChargerID_101,0.0
cat__ChargerID_100,0.0
cat__ChargerID_99,0.0
cat__ChargerID_97,0.0
cat__ChargerID_95,0.0
cat__ChargerID_93,0.0
cat__ChargerID_92,0.0
cat__ChargerID_91,0.0
cat__ChargerID_90,0.0
cat__ChargerID_88,0.0
cat__ChargerID_87,0.0
cat__ChargerID_85,0.0
cat__ChargerID_84,0.0
cat__ChargerID_120,0.0
cat__ChargerID_119,0.0
cat__ChargerID_117,0.0
cat__ChargerID_116,0.0
cat__ChargerID_114,0.0
cat__ChargerID_113,0.0
cat__ChargerID_112,0.0
cat__ChargerID_110,0.0
cat__ChargerID_109,0.0
cat__ChargerID_105,0.0
cat__ChargerID_104,0.0
cat__ChargerID_103,0.0
cat__ChargerID_146,0.0
cat__ChargerID_145,0.0
cat__ChargerID_139,0.0
cat__ChargerID_137,0.0
cat__ChargerID_136,0.0
cat__ChargerID_134,0.0
cat__ChargerID_132,0.0
cat__ChargerID_130,0.0
cat__ChargerID_129,0.0
cat__ChargerID_128,0.0
cat__ChargerID_127,0.0
cat__ChargerID_125,0.0
cat__ChargerID_123,0.0
cat__ChargerID_121,0.0
cat__ChargerID_164,0.0
cat__ChargerID_161,0.0
cat__ChargerID_160,0.0
cat__ChargerID_159,0.0
cat__ChargerID_158,0.0
cat__ChargerID_157,0.0
cat__ChargerID_156,0.0
cat__ChargerID_154,0.0
cat__ChargerID_153,0.0
cat__ChargerID_152,0.0
cat__ChargerID_150,0.0
cat__ChargerID_149,0.0
cat__ChargerID_147,0.0
cat__ChargerID_185,0.0
cat__ChargerID_182,0.0
cat__ChargerID_181,0.0
cat__ChargerID_180,0.0
cat__ChargerID_178,0.0
cat__ChargerID_177,0.0
cat__ChargerID_176,0.0
cat__ChargerID_174,0.0
cat__ChargerID_173,0.0
cat__ChargerID_172,0.0
cat__ChargerID_170,0.0
cat__ChargerID_168,0.0
cat__ChargerID_167,0.0
cat__ChargerID_166,0.0
cat__ChargerID_206,0.0
cat__ChargerID_205,0.0
cat__ChargerID_204,0.0
cat__ChargerID_203,0.0
cat__ChargerID_202,0.0
cat__ChargerID_198,0.0
cat__ChargerID_195,0.0
cat__ChargerID_194,0.0
cat__ChargerID_190,0.0
cat__ChargerID_189,0.0
cat__ChargerID_188,0.0
cat__ChargerID_233,0.0
cat__ChargerID_232,0.0
cat__ChargerID_230,0.0
cat__ChargerID_227,0.0
cat__ChargerID_226,0.0
cat__ChargerID_225,0.0
cat__ChargerID_222,0.0
cat__ChargerID_217,0.0
cat__ChargerID_215,0.0
cat__ChargerID_213,0.0
cat__ChargerID_210,0.0
cat__ChargerID_257,0.0
cat__ChargerID_254,0.0
cat__ChargerID_253,0.0
cat__ChargerID_252,0.0
cat__ChargerID_249,0.0
cat__ChargerID_248,0.0
cat__ChargerID_246,0.0
cat__ChargerID_244,0.0
cat__ChargerID_238,0.0
cat__ChargerID_237,0.0
cat__ChargerID_236,0.0
cat__ChargerID_235,0.0
cat__ChargerID_234,0.0
cat__ChargerID_281,0.0
cat__ChargerID_279,0.0
cat__ChargerID_277,0.0
cat__ChargerID_275,0.0
cat__ChargerID_274,0.0
cat__ChargerID_270,0.0
cat__ChargerID_269,0.0
cat__ChargerID_265,0.0
cat__ChargerID_264,0.0
cat__ChargerID_263,0.0
cat__ChargerID_262,0.0
cat__ChargerID_258,0.0
cat__ChargerID_306,0.0
cat__ChargerID_304,0.0
cat__ChargerID_303,0.0
cat__ChargerID_301,0.0
cat__ChargerID_300,0.0
cat__ChargerID_298,0.0
cat__ChargerID_296,0.0
cat__ChargerID_290,0.0
cat__ChargerID_289,0.0
cat__ChargerID_286,0.0
cat__ChargerID_285,0.0
cat__ChargerID_283,0.0
cat__ChargerID_331,0.0
cat__ChargerID_329,0.0
cat__ChargerID_328,0.0
cat__ChargerID_327,0.0
cat__ChargerID_322,0.0
cat__ChargerID_320,0.0
cat__ChargerID_319,0.0
cat__ChargerID_317,0.0
cat__ChargerID_315,0.0
cat__ChargerID_311,0.0
cat__ChargerID_310,0.0
cat__ChargerID_309,0.0
cat__ChargerID_308,0.0
cat__ChargerID_307,0.0
cat__ChargerID_364,0.0
cat__ChargerID_363,0.0
cat__ChargerID_361,0.0
cat__ChargerID_360,0.0
cat__ChargerID_359,0.0
cat__ChargerID_358,0.0
cat__ChargerID_356,0.0
cat__ChargerID_354,0.0
cat__ChargerID_350,0.0
cat__ChargerID_348,0.0
cat__ChargerID_347,0.0
cat__ChargerID_343,0.0
cat__ChargerID_334,0.0
cat__ChargerID_380,0.0
cat__ChargerID_379,0.0
cat__ChargerID_378,0.0
cat__ChargerID_376,0.0
cat__ChargerID_370,0.0
cat__ChargerID_369,0.0
cat__ChargerID_368,0.0
cat__ChargerID_367,0.0
cat__ChargerID_366,0.0
cat__ChargerID_365,0.0
cat__ChargerID_397,0.0
cat__ChargerID_396,0.0
cat__ChargerID_395,0.0
cat__ChargerID_394,0.0
cat__ChargerID_393,0.0
cat__ChargerID_392,0.0
cat__ChargerID_391,0.0
cat__ChargerID_390,0.0
cat__ChargerID_389,0.0
cat__ChargerID_388,0.0
cat__ChargerID_387,0.0
cat__ChargerID_385,0.0
cat__ChargerID_384,0.0
cat__ChargerID_383,0.0
cat__ChargerID_382,0.0
cat__ChargerID_381,0.0
cat__ChargerID_413,0.0
cat__ChargerID_412,0.0
cat__ChargerID_411,0.0
cat__ChargerID_410,0.0
cat__ChargerID_409,0.0
cat__ChargerID_408,0.0
cat__ChargerID_407,0.0
cat__ChargerID_406,0.0
cat__ChargerID_405,0.0
cat__ChargerID_404,0.0
cat__ChargerID_403,0.0
cat__ChargerID_402,0.0
cat__ChargerID_401,0.0
cat__ChargerID_400,0.0
cat__ChargerID_399,0.0
cat__ChargerID_398,0.0
cat__ChargerID_429,0.0
cat__ChargerID_428,0.0
cat__ChargerID_427,0.0
cat__ChargerID_426,0.0
cat__ChargerID_425,0.0
cat__ChargerID_424,0.0
cat__ChargerID_423,0.0
cat__ChargerID_422,0.0
cat__ChargerID_421,0.0
cat__ChargerID_420,0.0
cat__ChargerID_419,0.0
cat__ChargerID_418,0.0
cat__ChargerID_417,0.0
cat__ChargerID_416,0.0
cat__ChargerID_415,0.0
cat__ChargerID_414,0.0
cat__ChargerID_445,0.0
cat__ChargerID_444,0.0
cat__ChargerID_443,0.0
cat__ChargerID_442,0.0
cat__ChargerID_441,0.0
cat__ChargerID_440,0.0
cat__ChargerID_439,0.0
cat__ChargerID_438,0.0
cat__ChargerID_437,0.0
cat__ChargerID_436,0.0
cat__ChargerID_435,0.0
cat__ChargerID_434,0.0
cat__ChargerID_432,0.0
cat__ChargerID_430,0.0
cat__ChargerID_462,0.0
cat__ChargerID_461,0.0
cat__ChargerID_460,0.0
cat__ChargerID_458,0.0
cat__ChargerID_457,0.0
cat__ChargerID_456,0.0
cat__ChargerID_455,0.0
cat__ChargerID_454,0.0
cat__ChargerID_453,0.0
cat__ChargerID_452,0.0
cat__ChargerID_451,0.0
cat__ChargerID_450,0.0
cat__ChargerID_448,0.0
cat__ChargerID_447,0.0
cat__ChargerID_446,0.0
cat__ChargerID_489,0.0
cat__ChargerID_483,0.0
cat__ChargerID_482,0.0
cat__ChargerID_479,0.0
cat__ChargerID_477,0.0
cat__ChargerID_475,0.0
cat__ChargerID_474,0.0
cat__ChargerID_473,0.0
cat__ChargerID_472,0.0
cat__ChargerID_469,0.0
cat__ChargerID_468,0.0
cat__ChargerID_467,0.0
cat__ChargerID_466,0.0
cat__ChargerID_464,0.0
cat__ChargerID_463,0.0
cat__ChargerID_511,0.0
cat__ChargerID_510,0.0
cat__ChargerID_509,0.0
cat__ChargerID_508,0.0
cat__ChargerID_507,0.0
cat__ChargerID_506,0.0
cat__ChargerID_505,0.0
cat__ChargerID_504,0.0
cat__ChargerID_503,0.0
cat__ChargerID_502,0.0
cat__ChargerID_501,0.0
cat__ChargerID_500,0.0
cat__ChargerID_497,0.0
cat__ChargerID_495,0.0
cat__ChargerID_492,0.0
cat__ChargerID_530,0.0
cat__ChargerID_529,0.0
cat__ChargerID_528,0.0
cat__ChargerID_526,0.0
cat__ChargerID_525,0.0
cat__ChargerID_524,0.0
cat__ChargerID_523,0.0
cat__ChargerID_522,0.0
cat__ChargerID_521,0.0
cat__ChargerID_518,0.0
cat__ChargerID_517,0.0
cat__ChargerID_516,0.0
cat__ChargerID_515,0.0
cat__ChargerID_514,0.0
cat__ChargerID_548,0.0
cat__ChargerID_546,0.0
cat__ChargerID_545,0.0
cat__ChargerID_544,0.0
cat__ChargerID_543,0.0
cat__ChargerID_542,0.0
cat__ChargerID_541,0.0
cat__ChargerID_540,0.0
cat__ChargerID_539,0.0
cat__ChargerID_538,0.0
cat__ChargerID_537,0.0
cat__ChargerID_536,0.0
cat__ChargerID_534,0.0
cat__ChargerID_533,0.0
cat__ChargerID_532,0.0
cat__ChargerID_531,0.0
cat__ChargerID_564,0.0
cat__ChargerID_563,0.0
cat__ChargerID_562,0.0
cat__ChargerID_561,0.0
cat__ChargerID_560,0.0
cat__ChargerID_559,0.0
cat__ChargerID_558,0.0
cat__ChargerID_556,0.0
cat__ChargerID_554,0.0
cat__ChargerID_553,0.0
cat__ChargerID_552,0.0
cat__ChargerID_551,0.0
cat__ChargerID_550,0.0
cat__ChargerID_549,0.0
cat__ChargerID_580,0.0
cat__ChargerID_579,0.0
cat__ChargerID_578,0.0
cat__ChargerID_577,0.0
cat__ChargerID_576,0.0
cat__ChargerID_575,0.0
cat__ChargerID_574,0.0
cat__ChargerID_572,0.0
cat__ChargerID_571,0.0
cat__ChargerID_570,0.0
cat__ChargerID_569,0.0
cat__ChargerID_568,0.0
cat__ChargerID_567,0.0
cat__ChargerID_566,0.0
cat__ChargerID_565,0.0
cat__ChargerID_606,0.0
cat__ChargerID_604,0.0
cat__ChargerID_602,0.0
cat__ChargerID_601,0.0
cat__ChargerID_599,0.0
cat__ChargerID_598,0.0
cat__ChargerID_596,0.0
cat__ChargerID_595,0.0
cat__ChargerID_592,0.0
cat__ChargerID_590,0.0
cat__ChargerID_589,0.0
cat__ChargerID_588,0.0
cat__ChargerID_587,0.0
cat__ChargerID_586,0.0
cat__ChargerID_582,0.0
cat__ChargerID_581,0.0
cat__ChargerID_627,0.0
cat__ChargerID_625,0.0
cat__ChargerID_624,0.0
cat__ChargerID_623,0.0
cat__ChargerID_622,0.0
cat__ChargerID_621,0.0
cat__ChargerID_620,0.0
cat__ChargerID_619,0.0
cat__ChargerID_618,0.0
cat__ChargerID_614,0.0
cat__ChargerID_612,0.0
cat__ChargerID_611,0.0
cat__ChargerID_609,0.0
cat__ChargerID_608,0.0
cat__ChargerID_607,0.0
cat__ChargerID_644,0.0
cat__ChargerID_643,0.0
cat__ChargerID_642,0.0
cat__ChargerID_641,0.0
cat__ChargerID_640,0.0
cat__ChargerID_639,0.0
cat__ChargerID_638,0.0
cat__ChargerID_637,0.0
cat__ChargerID_636,0.0
cat__ChargerID_634,0.0
cat__ChargerID_633,0.0
cat__ChargerID_632,0.0
cat__ChargerID_631,0.0
cat__ChargerID_630,0.0
cat__ChargerID_629,0.0
cat__ChargerID_663,0.0
cat__ChargerID_662,0.0
cat__ChargerID_661,0.0
cat__ChargerID_660,0.0
cat__ChargerID_659,0.0
cat__ChargerID_658,0.0
cat__ChargerID_657,0.0
cat__ChargerID_656,0.0
cat__ChargerID_654,0.0
cat__ChargerID_653,0.0
cat__ChargerID_652,0.0
cat__ChargerID_651,0.0
cat__ChargerID_650,0.0
cat__ChargerID_648,0.0
cat__ChargerID_646,0.0
cat__ChargerID_645,0.0
cat__ChargerID_680,0.0
cat__ChargerID_679,0.0
cat__ChargerID_678,0.0
cat__ChargerID_677,0.0
cat__ChargerID_675,0.0
cat__ChargerID_673,0.0
cat__ChargerID_672,0.0
cat__ChargerID_671,0.0
cat__ChargerID_670,0.0
cat__ChargerID_669,0.0
cat__ChargerID_668,0.0
cat__ChargerID_667,0.0
cat__ChargerID_666,0.0
cat__ChargerID_664,0.0
cat__ChargerID_696,0.0
cat__ChargerID_695,0.0
cat__ChargerID_694,0.0
cat__ChargerID_693,0.0
cat__ChargerID_692,0.0
cat__ChargerID_691,0.0
cat__ChargerID_690,0.0
cat__ChargerID_689,0.0
cat__ChargerID_688,0.0
cat__ChargerID_687,0.0
cat__ChargerID_686,0.0
cat__ChargerID_685,0.0
cat__ChargerID_684,0.0
cat__ChargerID_683,0.0
cat__ChargerID_682,0.0
cat__ChargerID_681,0.0
cat__ChargerID_713,0.0
cat__ChargerID_712,0.0
cat__ChargerID_711,0.0
cat__ChargerID_710,0.0
cat__ChargerID_708,0.0
cat__ChargerID_707,0.0
cat__ChargerID_706,0.0
cat__ChargerID_705,0.0
cat__ChargerID_704,0.0
cat__ChargerID_703,0.0
cat__ChargerID_702,0.0
cat__ChargerID_701,0.0
cat__ChargerID_700,0.0
cat__ChargerID_699,0.0
cat__ChargerID_698,0.0
cat__ChargerID_697,0.0
cat__ChargerID_729,0.0
cat__ChargerID_728,0.0
cat__ChargerID_727,0.0
cat__ChargerID_726,0.0
cat__ChargerID_725,0.0
cat__ChargerID_724,0.0
cat__ChargerID_723,0.0
cat__ChargerID_722,0.0
cat__ChargerID_721,0.0
cat__ChargerID_720,0.0
cat__ChargerID_719,0.0
cat__ChargerID_718,0.0
cat__ChargerID_717,0.0
cat__ChargerID_716,0.0
cat__ChargerID_715,0.0
cat__ChargerID_714,0.0
cat__ChargerID_745,0.0
cat__ChargerID_744,0.0
cat__ChargerID_743,0.0
cat__ChargerID_742,0.0
cat__ChargerID_741,0.0
cat__ChargerID_739,0.0
cat__ChargerID_738,0.0
cat__ChargerID_737,0.0
cat__ChargerID_736,0.0
cat__ChargerID_734,0.0
cat__ChargerID_733,0.0
cat__ChargerID_731,0.0
cat__ChargerID_730,0.0
cat__ChargerID_764,0.0
cat__ChargerID_763,0.0
cat__ChargerID_762,0.0
cat__ChargerID_761,0.0
cat__ChargerID_760,0.0
cat__ChargerID_759,0.0
cat__ChargerID_756,0.0
cat__ChargerID_755,0.0
cat__ChargerID_754,0.0
cat__ChargerID_753,0.0
cat__ChargerID_752,0.0
cat__ChargerID_751,0.0
cat__ChargerID_750,0.0
cat__ChargerID_749,0.0
cat__ChargerID_747,0.0
cat__ChargerID_746,0.0
cat__ChargerID_780,0.0
cat__ChargerID_779,0.0
cat__ChargerID_778,0.0
cat__ChargerID_777,0.0
cat__ChargerID_776,0.0
cat__ChargerID_775,0.0
cat__ChargerID_774,0.0
cat__ChargerID_772,0.0
cat__ChargerID_771,0.0
cat__ChargerID_769,0.0
cat__ChargerID_768,0.0
cat__ChargerID_767,0.0
cat__ChargerID_766,0.0
cat__ChargerID_765,0.0
cat__ChargerID_799,0.0
cat__ChargerID_798,0.0
cat__ChargerID_797,0.0
cat__ChargerID_796,0.0
cat__ChargerID_793,0.0
cat__ChargerID_792,0.0
cat__ChargerID_791,0.0
cat__ChargerID_789,0.0
cat__ChargerID_788,0.0
cat__ChargerID_787,0.0
cat__ChargerID_786,0.0
cat__ChargerID_785,0.0
cat__ChargerID_784,0.0
cat__ChargerID_783,0.0
cat__ChargerID_782,0.0
cat__ChargerID_781,0.0
cat__ChargerID_816,0.0
cat__ChargerID_815,0.0
cat__ChargerID_814,0.0
cat__ChargerID_813,0.0
cat__ChargerID_812,0.0
cat__ChargerID_811,0.0
cat__ChargerID_810,0.0
cat__ChargerID_809,0.0
cat__ChargerID_808,0.0
cat__ChargerID_807,0.0
cat__ChargerID_806,0.0
cat__ChargerID_805,0.0
cat__ChargerID_804,0.0
cat__ChargerID_803,0.0
cat__ChargerID_802,0.0
cat__ChargerID_801,0.0
cat__ChargerID_833,0.0
cat__ChargerID_832,0.0
cat__ChargerID_831,0.0
cat__ChargerID_830,0.0
cat__ChargerID_829,0.0
cat__ChargerID_827,0.0
cat__ChargerID_826,0.0
cat__ChargerID_825,0.0
cat__ChargerID_824,0.0
cat__ChargerID_823,0.0
cat__ChargerID_822,0.0
cat__ChargerID_821,0.0
cat__ChargerID_820,0.0
cat__ChargerID_819,0.0
cat__ChargerID_818,0.0
cat__ChargerID_817,0.0
cat__ChargerID_849,0.0
cat__ChargerID_848,0.0
cat__ChargerID_847,0.0
cat__ChargerID_846,0.0
cat__ChargerID_845,0.0
cat__ChargerID_844,0.0
cat__ChargerID_843,0.0
cat__ChargerID_842,0.0
cat__ChargerID_841,0.0
cat__ChargerID_840,0.0
cat__ChargerID_839,0.0
cat__ChargerID_838,0.0
cat__ChargerID_837,0.0
cat__ChargerID_836,0.0
cat__ChargerID_835,0.0
cat__ChargerID_834,0.0
cat__ChargerID_870,0.0
cat__ChargerID_869,0.0
cat__ChargerID_868,0.0
cat__ChargerID_866,0.0
cat__ChargerID_864,0.0
cat__ChargerID_863,0.0
cat__ChargerID_862,0.0
cat__ChargerID_861,0.0
cat__ChargerID_858,0.0
cat__ChargerID_856,0.0
cat__ChargerID_855,0.0
cat__ChargerID_854,0.0
cat__ChargerID_853,0.0
cat__ChargerID_852,0.0
cat__ChargerID_851,0.0
cat__ChargerID_889,0.0
cat__ChargerID_887,0.0
cat__ChargerID_886,0.0
cat__ChargerID_882,0.0
cat__ChargerID_881,0.0
cat__ChargerID_880,0.0
cat__ChargerID_879,0.0
cat__ChargerID_878,0.0
cat__ChargerID_877,0.0
cat__ChargerID_876,0.0
cat__ChargerID_875,0.0
cat__ChargerID_874,0.0
cat__ChargerID_873,0.0
cat__ChargerID_872,0.0
cat__ChargerID_871,0.0
cat__ChargerID_907,0.0
cat__ChargerID_906,0.0
cat__ChargerID_905,0.0
cat__ChargerID_904,0.0
cat__ChargerID_902,0.0
cat__ChargerID_900,0.0
cat__ChargerID_899,0.0
cat__ChargerID_898,0.0
cat__ChargerID_897,0.0
cat__ChargerID_896,0.0
cat__ChargerID_895,0.0
cat__ChargerID_894,0.0
cat__ChargerID_893,0.0
cat__ChargerID_892,0.0
cat__ChargerID_891,0.0
cat__ChargerID_890,0.0
cat__ChargerID_923,0.0
cat__ChargerID_922,0.0
cat__ChargerID_921,0.0
cat__ChargerID_919,0.0
cat__ChargerID_918,0.0
cat__ChargerID_917,0.0
cat__ChargerID_916,0.0
cat__ChargerID_915,0.0
cat__ChargerID_913,0.0
cat__ChargerID_912,0.0
cat__ChargerID_911,0.0
cat__ChargerID_910,0.0
cat__ChargerID_909,0.0
cat__ChargerID_908,0.0
cat__ChargerID_939,0.0
cat__ChargerID_938,0.0
cat__ChargerID_937,0.0
cat__ChargerID_936,0.0
cat__ChargerID_935,0.0
cat__ChargerID_934,0.0
cat__ChargerID_933,0.0
cat__ChargerID_932,0.0
cat__ChargerID_930,0.0
cat__ChargerID_929,0.0
cat__ChargerID_928,0.0
cat__ChargerID_927,0.0
cat__ChargerID_926,0.0
cat__ChargerID_925,0.0
cat__ChargerID_924,0.0
cat__ChargerID_956,0.0
cat__ChargerID_955,0.0
cat__ChargerID_954,0.0
cat__ChargerID_953,0.0
cat__ChargerID_952,0.0
cat__ChargerID_951,0.0
cat__ChargerID_949,0.0
cat__ChargerID_948,0.0
cat__ChargerID_947,0.0
cat__ChargerID_946,0.0
cat__ChargerID_944,0.0
cat__ChargerID_942,0.0
cat__ChargerID_941,0.0
cat__ChargerID_940,0.0
cat__ChargerID_973,0.0
cat__ChargerID_972,0.0
cat__ChargerID_971,0.0
cat__ChargerID_970,0.0
cat__ChargerID_969,0.0
cat__ChargerID_968,0.0
cat__ChargerID_967,0.0
cat__ChargerID_966,0.0
cat__ChargerID_964,0.0
cat__ChargerID_963,0.0
cat__ChargerID_962,0.0
cat__ChargerID_961,0.0
cat__ChargerID_960,0.0
cat__ChargerID_959,0.0
cat__ChargerID_958,0.0
cat__ChargerID_957,0.0
cat__ChargerID_989,0.0
cat__ChargerID_988,0.0
cat__ChargerID_987,0.0
cat__ChargerID_986,0.0
cat__ChargerID_985,0.0
cat__ChargerID_984,0.0
cat__ChargerID_983,0.0
cat__ChargerID_982,0.0
cat__ChargerID_981,0.0
cat__ChargerID_980,0.0
cat__ChargerID_979,0.0
cat__ChargerID_978,0.0
cat__ChargerID_976,0.0
cat__ChargerID_975,0.0
cat__ChargerID_974,0.0
cat__ChargerID_1005,0.0
cat__ChargerID_1004,0.0
cat__ChargerID_1003,0.0
cat__ChargerID_1002,0.0
cat__ChargerID_1001,0.0
cat__ChargerID_1000,0.0
cat__ChargerID_999,0.0
cat__ChargerID_998,0.0
cat__ChargerID_997,0.0
cat__ChargerID_996,0.0
cat__ChargerID_995,0.0
cat__ChargerID_994,0.0
cat__ChargerID_993,0.0
cat__ChargerID_992,0.0
cat__ChargerID_991,0.0
cat__ChargerID_990,0.0
cat__ChargerID_1021,0.0
cat__ChargerID_1020,0.0
cat__ChargerID_1019,0.0
cat__ChargerID_1018,0.0
cat__ChargerID_1017,0.0
cat__ChargerID_1016,0.0
cat__ChargerID_1015,0.0
cat__ChargerID_1014,0.0
cat__ChargerID_1013,0.0
cat__ChargerID_1012,0.0
cat__ChargerID_1011,0.0
cat__ChargerID_1010,0.0
cat__ChargerID_1009,0.0
cat__ChargerID_1008,0.0
cat__ChargerID_1007,0.0
cat__ChargerID_1006,0.0
cat__ChargerID_1038,0.0
cat__ChargerID_1037,0.0
cat__ChargerID_1036,0.0
cat__ChargerID_1035,0.0
cat__ChargerID_1034,0.0
cat__ChargerID_1033,0.0
cat__ChargerID_1032,0.0
cat__ChargerID_1031,0.0
cat__ChargerID_1030,0.0
cat__ChargerID_1029,0.0
cat__ChargerID_1028,0.0
cat__ChargerID_1026,0.0
cat__ChargerID_1025,0.0
cat__ChargerID_1024,0.0
cat__ChargerID_1022,0.0
cat__ChargerID_1056,0.0
cat__ChargerID_1055,0.0
cat__ChargerID_1054,0.0
cat__ChargerID_1053,0.0
cat__ChargerID_1052,0.0
cat__ChargerID_1051,0.0
cat__ChargerID_1050,0.0
cat__ChargerID_1049,0.0
cat__ChargerID_1048,0.0
cat__ChargerID_1046,0.0
cat__ChargerID_1045,0.0
cat__ChargerID_1043,0.0
cat__ChargerID_1042,0.0
cat__ChargerID_1041,0.0
cat__ChargerID_1039,0.0
cat__ChargerID_1072,0.0
cat__ChargerID_1071,0.0
cat__ChargerID_1070,0.0
cat__ChargerID_1069,0.0
cat__ChargerID_1068,0.0
cat__ChargerID_1067,0.0
cat__ChargerID_1066,0.0
cat__ChargerID_1065,0.0
cat__ChargerID_1064,0.0
cat__ChargerID_1063,0.0
cat__ChargerID_1062,0.0
cat__ChargerID_1061,0.0
cat__ChargerID_1060,0.0
cat__ChargerID_1059,0.0
cat__ChargerID_1058,0.0
cat__ChargerID_1057,0.0
cat__ChargerID_1089,0.0
cat__ChargerID_1088,0.0
cat__ChargerID_1087,0.0
cat__ChargerID_1085,0.0
cat__ChargerID_1084,0.0
cat__ChargerID_1083,0.0
cat__ChargerID_1082,0.0
cat__ChargerID_1081,0.0
cat__ChargerID_1080,0.0
cat__ChargerID_1079,0.0
cat__ChargerID_1078,0.0
cat__ChargerID_1077,0.0
cat__ChargerID_1076,0.0
cat__ChargerID_1075,0.0
cat__ChargerID_1074,0.0
cat__ChargerID_1073,0.0
cat__ChargerID_1108,0.0
cat__ChargerID_1106,0.0
cat__ChargerID_1105,0.0
cat__ChargerID_1104,0.0
cat__ChargerID_1103,0.0
cat__ChargerID_1101,0.0
cat__ChargerID_1100,0.0
cat__ChargerID_1098,0.0
cat__ChargerID_1097,0.0
cat__ChargerID_1096,0.0
cat__ChargerID_1095,0.0
cat__ChargerID_1094,0.0
cat__ChargerID_1093,0.0
cat__ChargerID_1092,0.0
cat__ChargerID_1091,0.0
cat__ChargerID_1090,0.0
cat__ChargerID_1126,0.0
cat__ChargerID_1125,0.0
cat__ChargerID_1124,0.0
cat__ChargerID_1122,0.0
cat__ChargerID_1121,0.0
cat__ChargerID_1120,0.0
cat__ChargerID_1119,0.0
cat__ChargerID_1118,0.0
cat__ChargerID_1117,0.0
cat__ChargerID_1116,0.0
cat__ChargerID_1115,0.0
cat__ChargerID_1114,0.0
cat__ChargerID_1112,0.0
cat__ChargerID_1111,0.0
cat__ChargerID_1109,0.0
cat__ChargerID_1142,0.0
cat__ChargerID_1141,0.0
cat__ChargerID_1140,0.0
cat__ChargerID_1139,0.0
cat__ChargerID_1138,0.0
cat__ChargerID_1137,0.0
cat__ChargerID_1136,0.0
cat__ChargerID_1135,0.0
cat__ChargerID_1134,0.0
cat__ChargerID_1133,0.0
cat__ChargerID_1132,0.0
cat__ChargerID_1131,0.0
cat__ChargerID_1130,0.0
cat__ChargerID_1129,0.0
cat__ChargerID_1128,0.0
cat__ChargerID_1127,0.0
cat__ChargerID_1158,0.0
cat__ChargerID_1157,0.0
cat__ChargerID_1156,0.0
cat__ChargerID_1155,0.0
cat__ChargerID_1154,0.0
cat__ChargerID_1153,0.0
cat__ChargerID_1152,0.0
cat__ChargerID_1151,0.0
cat__ChargerID_1150,0.0
cat__ChargerID_1149,0.0
cat__ChargerID_1148,0.0
cat__ChargerID_1147,0.0
cat__ChargerID_1146,0.0
cat__ChargerID_1145,0.0
cat__ChargerID_1144,0.0
cat__ChargerID_1143,0.0
cat__ChargerID_1175,0.0
cat__ChargerID_1174,0.0
cat__ChargerID_1173,0.0
cat__ChargerID_1172,0.0
cat__ChargerID_1171,0.0
cat__ChargerID_1170,0.0
cat__ChargerID_1169,0.0
cat__ChargerID_1168,0.0
cat__ChargerID_1167,0.0
cat__ChargerID_1166,0.0
cat__ChargerID_1164,0.0
cat__ChargerID_1162,0.0
cat__ChargerID_1161,0.0
cat__ChargerID_1160,0.0
cat__ChargerID_1159,0.0
cat__ChargerID_1194,0.0
cat__ChargerID_1193,0.0
cat__ChargerID_1192,0.0
cat__ChargerID_1190,0.0
cat__ChargerID_1189,0.0
cat__ChargerID_1188,0.0
cat__ChargerID_1187,0.0
cat__ChargerID_1186,0.0
cat__ChargerID_1183,0.0
cat__ChargerID_1182,0.0
cat__ChargerID_1181,0.0
cat__ChargerID_1180,0.0
cat__ChargerID_1179,0.0
cat__ChargerID_1178,0.0
cat__ChargerID_1177,0.0
cat__ChargerID_1176,0.0
cat__ChargerID_1212,0.0
cat__ChargerID_1211,0.0
cat__ChargerID_1210,0.0
cat__ChargerID_1209,0.0
cat__ChargerID_1208,0.0
cat__ChargerID_1206,0.0
cat__ChargerID_1205,0.0
cat__ChargerID_1204,0.0
cat__ChargerID_1203,0.0
cat__ChargerID_1202,0.0
cat__ChargerID_1201,0.0
cat__ChargerID_1200,0.0
cat__ChargerID_1199,0.0
cat__ChargerID_1198,0.0
cat__ChargerID_1197,0.0
cat__ChargerID_1195,0.0
cat__ChargerID_1229,0.0
cat__ChargerID_1228,0.0
cat__ChargerID_1227,0.0
cat__ChargerID_1226,0.0
cat__ChargerID_1225,0.0
cat__ChargerID_1224,0.0
cat__ChargerID_1223,0.0
cat__ChargerID_1222,0.0
cat__ChargerID_1220,0.0
cat__ChargerID_1219,0.0
cat__ChargerID_1218,0.0
cat__ChargerID_1217,0.0
cat__ChargerID_1216,0.0
cat__ChargerID_1215,0.0
cat__ChargerID_1214,0.0
cat__ChargerID_1213,0.0
cat__ChargerID_1246,0.0
cat__ChargerID_1245,0.0
cat__ChargerID_1244,0.0
cat__ChargerID_1243,0.0
cat__ChargerID_1242,0.0
cat__ChargerID_1241,0.0
cat__ChargerID_1240,0.0
cat__ChargerID_1239,0.0
cat__ChargerID_1238,0.0
cat__ChargerID_1237,0.0
cat__ChargerID_15,0.0
cat__ChargerID_1235,0.0
cat__ChargerID_1234,0.0
cat__ChargerID_1233,0.0
cat__ChargerID_1231,0.0
cat__ChargerID_1230,0.0
cat__ChargerID_1263,0.0
cat__ChargerID_1261,0.0
cat__ChargerID_1260,0.0
cat__ChargerID_1259,0.0
cat__ChargerID_1258,0.0
cat__ChargerID_1257,0.0
cat__ChargerID_2583,0.0
cat__ChargerID_1255,0.0
cat__ChargerID_1254,0.0
cat__ChargerID_1252,0.0
cat__ChargerID_1251,0.0
cat__ChargerID_1250,0.0
cat__ChargerID_1249,0.0
cat__ChargerID_1248,0.0
cat__ChargerID_1247,0.0
cat__ChargerID_1289,0.0
cat__ChargerID_1288,0.0
cat__ChargerID_1287,0.0
cat__ChargerID_1286,0.0
cat__ChargerID_1285,0.0
cat__ChargerID_1284,0.0
cat__ChargerID_1283,0.0
cat__ChargerID_1282,0.0
cat__ChargerID_1281,0.0
cat__ChargerID_1278,0.0
cat__ChargerID_1277,0.0
cat__ChargerID_1276,0.0
cat__ChargerID_1274,0.0
cat__ChargerID_1268,0.0
cat__ChargerID_1265,0.0
cat__ChargerID_1264,0.0
cat__ChargerID_1306,0.0
cat__ChargerID_1305,0.0
cat__ChargerID_1304,0.0
cat__ChargerID_1303,0.0
cat__ChargerID_1302,0.0
cat__ChargerID_1301,0.0
cat__ChargerID_1300,0.0
cat__ChargerID_1299,0.0
cat__ChargerID_1298,0.0
cat__ChargerID_1297,0.0
cat__ChargerID_1296,0.0
cat__ChargerID_1295,0.0
cat__ChargerID_1294,0.0
cat__ChargerID_1293,0.0
cat__ChargerID_1291,0.0
cat__ChargerID_1290,0.0
cat__ChargerID_1322,0.0
cat__ChargerID_1321,0.0
cat__ChargerID_1320,0.0
cat__ChargerID_1319,0.0
cat__ChargerID_1318,0.0
cat__ChargerID_1317,0.0
cat__ChargerID_1316,0.0
cat__ChargerID_1315,0.0
cat__ChargerID_1314,0.0
cat__ChargerID_1313,0.0
cat__ChargerID_1312,0.0
cat__ChargerID_1311,0.0
cat__ChargerID_1310,0.0
cat__ChargerID_1309,0.0
cat__ChargerID_1308,0.0
cat__ChargerID_1307,0.0
cat__ChargerID_1343,0.0
cat__ChargerID_2584,0.0
cat__ChargerID_1341,0.0
cat__ChargerID_1340,0.0
cat__ChargerID_1338,0.0
cat__ChargerID_1336,0.0
cat__ChargerID_1335,0.0
cat__ChargerID_1334,0.0
cat__ChargerID_1333,0.0
cat__ChargerID_1332,0.0
cat__ChargerID_1331,0.0
cat__ChargerID_1328,0.0
cat__ChargerID_1327,0.0
cat__ChargerID_1326,0.0
cat__ChargerID_1324,0.0
cat__ChargerID_1323,0.0
cat__ChargerID_1363,0.0
cat__ChargerID_1362,0.0
cat__ChargerID_1361,0.0
cat__ChargerID_1360,0.0
cat__ChargerID_1359,0.0
cat__ChargerID_2670,0.0
cat__ChargerID_1357,0.0
cat__ChargerID_1355,0.0
cat__ChargerID_1352,0.0
cat__ChargerID_1350,0.0
cat__ChargerID_1349,0.0
cat__ChargerID_1348,0.0
cat__ChargerID_1347,0.0
cat__ChargerID_1346,0.0
cat__ChargerID_1345,0.0
cat__ChargerID_1344,0.0
cat__ChargerID_1380,0.0
cat__ChargerID_1379,0.0
cat__ChargerID_1378,0.0
cat__ChargerID_1377,0.0
cat__ChargerID_1376,0.0
cat__ChargerID_1375,0.0
cat__ChargerID_1374,0.0
cat__ChargerID_1373,0.0
cat__ChargerID_1372,0.0
cat__ChargerID_1371,0.0
cat__ChargerID_1370,0.0
cat__ChargerID_1369,0.0
cat__ChargerID_1368,0.0
cat__ChargerID_1367,0.0
cat__ChargerID_1366,0.0
cat__ChargerID_1365,0.0
cat__ChargerID_1396,0.0
cat__ChargerID_1395,0.0
cat__ChargerID_1394,0.0
cat__ChargerID_1393,0.0
cat__ChargerID_2671,0.0
cat__ChargerID_1391,0.0
cat__ChargerID_1390,0.0
cat__ChargerID_1389,0.0
cat__ChargerID_1388,0.0
cat__ChargerID_1387,0.0
cat__ChargerID_1386,0.0
cat__ChargerID_1385,0.0
cat__ChargerID_1384,0.0
cat__ChargerID_1383,0.0
cat__ChargerID_1382,0.0
cat__ChargerID_1381,0.0
cat__ChargerID_1412,0.0
cat__ChargerID_1411,0.0
cat__ChargerID_1410,0.0
cat__ChargerID_1409,0.0
cat__ChargerID_1408,0.0
cat__ChargerID_1407,0.0
cat__ChargerID_1406,0.0
cat__ChargerID_1405,0.0
cat__ChargerID_1404,0.0
cat__ChargerID_1403,0.0
cat__ChargerID_1402,0.0
cat__ChargerID_1401,0.0
cat__ChargerID_1400,0.0
cat__ChargerID_1399,0.0
cat__ChargerID_1398,0.0
cat__ChargerID_1397,0.0
cat__ChargerID_1431,0.0
cat__ChargerID_1430,0.0
cat__ChargerID_1429,0.0
cat__ChargerID_1428,0.0
cat__ChargerID_1427,0.0
cat__ChargerID_1424,0.0
cat__ChargerID_1422,0.0
cat__ChargerID_1421,0.0
cat__ChargerID_1420,0.0
cat__ChargerID_1419,0.0
cat__ChargerID_1418,0.0
cat__ChargerID_1417,0.0
cat__ChargerID_1416,0.0
cat__ChargerID_1415,0.0
cat__ChargerID_1414,0.0
cat__ChargerID_1413,0.0
cat__ChargerID_1455,0.0
cat__ChargerID_1454,0.0
cat__ChargerID_1453,0.0
cat__ChargerID_1452,0.0
cat__ChargerID_1451,0.0
cat__ChargerID_1450,0.0
cat__ChargerID_1449,0.0
cat__ChargerID_1448,0.0
cat__ChargerID_1447,0.0
cat__ChargerID_1446,0.0
cat__ChargerID_2649,0.0
cat__ChargerID_1436,0.0
cat__ChargerID_1435,0.0
cat__ChargerID_1434,0.0
cat__ChargerID_1433,0.0
cat__ChargerID_1432,0.0
cat__ChargerID_1472,0.0
cat__ChargerID_1471,0.0
cat__ChargerID_1470,0.0
cat__ChargerID_1469,0.0
cat__ChargerID_1468,0.0
cat__ChargerID_1467,0.0
cat__ChargerID_1466,0.0
cat__ChargerID_1464,0.0
cat__ChargerID_1463,0.0
cat__ChargerID_1462,0.0
cat__ChargerID_1461,0.0
cat__ChargerID_1460,0.0
cat__ChargerID_1459,0.0
cat__ChargerID_1458,0.0
cat__ChargerID_1457,0.0
cat__ChargerID_1456,0.0
cat__ChargerID_1489,0.0
cat__ChargerID_1488,0.0
cat__ChargerID_1487,0.0
cat__ChargerID_2647,0.0
cat__ChargerID_1485,0.0
cat__ChargerID_1484,0.0
cat__ChargerID_1483,0.0
cat__ChargerID_1482,0.0
cat__ChargerID_1481,0.0
cat__ChargerID_1480,0.0
cat__ChargerID_1479,0.0
cat__ChargerID_1478,0.0
cat__ChargerID_1477,0.0
cat__ChargerID_1475,0.0
cat__ChargerID_1474,0.0
cat__ChargerID_1473,0.0
cat__ChargerID_1510,0.0
cat__ChargerID_1507,0.0
cat__ChargerID_1506,0.0
cat__ChargerID_1505,0.0
cat__ChargerID_1504,0.0
cat__ChargerID_1503,0.0
cat__ChargerID_1502,0.0
cat__ChargerID_1501,0.0
cat__ChargerID_1500,0.0
cat__ChargerID_1499,0.0
cat__ChargerID_1498,0.0
cat__ChargerID_1497,0.0
cat__ChargerID_1496,0.0
cat__ChargerID_1495,0.0
cat__ChargerID_1491,0.0
cat__ChargerID_1490,0.0
cat__ChargerID_2630,0.0
cat__ChargerID_1536,0.0
cat__ChargerID_1533,0.0
cat__ChargerID_1532,0.0
cat__ChargerID_1526,0.0
cat__ChargerID_1525,0.0
cat__ChargerID_1524,0.0
cat__ChargerID_1523,0.0
cat__ChargerID_1521,0.0
cat__ChargerID_1517,0.0
cat__ChargerID_1516,0.0
cat__ChargerID_1515,0.0
cat__ChargerID_1514,0.0
cat__ChargerID_1513,0.0
cat__ChargerID_1512,0.0
cat__ChargerID_1511,0.0
cat__ChargerID_1561,0.0
cat__ChargerID_1560,0.0
cat__ChargerID_1557,0.0
cat__ChargerID_1556,0.0
cat__ChargerID_1555,0.0
cat__ChargerID_1553,0.0
cat__ChargerID_1551,0.0
cat__ChargerID_1550,0.0
cat__ChargerID_1549,0.0
cat__ChargerID_1548,0.0
cat__ChargerID_1547,0.0
cat__ChargerID_1546,0.0
cat__ChargerID_1545,0.0
cat__ChargerID_1541,0.0
cat__ChargerID_1540,0.0
cat__ChargerID_1539,0.0
cat__ChargerID_1583,0.0
cat__ChargerID_1582,0.0
cat__ChargerID_1581,0.0
cat__ChargerID_1580,0.0
cat__ChargerID_1579,0.0
cat__ChargerID_1578,0.0
cat__ChargerID_1577,0.0
cat__ChargerID_1576,0.0
cat__ChargerID_1575,0.0
cat__ChargerID_1574,0.0
cat__ChargerID_1573,0.0
cat__ChargerID_1572,0.0
cat__ChargerID_1570,0.0
cat__ChargerID_1568,0.0
cat__ChargerID_1566,0.0
cat__ChargerID_1563,0.0
cat__ChargerID_1601,0.0
cat__ChargerID_1599,0.0
cat__ChargerID_1598,0.0
cat__ChargerID_1597,0.0
cat__ChargerID_1595,0.0
cat__ChargerID_1594,0.0
cat__ChargerID_1593,0.0
cat__ChargerID_1592,0.0
cat__ChargerID_1591,0.0
cat__ChargerID_1590,0.0
cat__ChargerID_1589,0.0
cat__ChargerID_1588,0.0
cat__ChargerID_1587,0.0
cat__ChargerID_1586,0.0
cat__ChargerID_1585,0.0
cat__ChargerID_1584,0.0
cat__ChargerID_1621,0.0
cat__ChargerID_1620,0.0
cat__ChargerID_1617,0.0
cat__ChargerID_1616,0.0
cat__ChargerID_1615,0.0
cat__ChargerID_1613,0.0
cat__ChargerID_1612,0.0
cat__ChargerID_1611,0.0
cat__ChargerID_1610,0.0
cat__ChargerID_1609,0.0
cat__ChargerID_1608,0.0
cat__ChargerID_1606,0.0
cat__ChargerID_1605,0.0
cat__ChargerID_1604,0.0
cat__ChargerID_2629,0.0
cat__ChargerID_1602,0.0
cat__ChargerID_1642,0.0
cat__ChargerID_1641,0.0
cat__ChargerID_1640,0.0
cat__ChargerID_1639,0.0
cat__ChargerID_1638,0.0
cat__ChargerID_1637,0.0
cat__ChargerID_1636,0.0
cat__ChargerID_1635,0.0
cat__ChargerID_1634,0.0
cat__ChargerID_1633,0.0
cat__ChargerID_1631,0.0
cat__ChargerID_1629,0.0
cat__ChargerID_1626,0.0
cat__ChargerID_1625,0.0
cat__ChargerID_1624,0.0
cat__ChargerID_1623,0.0
cat__ChargerID_1665,0.0
cat__ChargerID_1662,0.0
cat__ChargerID_1661,0.0
cat__ChargerID_1660,0.0
cat__ChargerID_1659,0.0
cat__ChargerID_1657,0.0
cat__ChargerID_1655,0.0
cat__ChargerID_1652,0.0
cat__ChargerID_1651,0.0
cat__ChargerID_1650,0.0
cat__ChargerID_1649,0.0
cat__ChargerID_1648,0.0
cat__ChargerID_1646,0.0
cat__ChargerID_1645,0.0
cat__ChargerID_1644,0.0
cat__ChargerID_1643,0.0
cat__ChargerID_1697,0.0
cat__ChargerID_1695,0.0
cat__ChargerID_1694,0.0
cat__ChargerID_1693,0.0
cat__ChargerID_1692,0.0
cat__ChargerID_1691,0.0
cat__ChargerID_1689,0.0
cat__ChargerID_1688,0.0
cat__ChargerID_1680,0.0
cat__ChargerID_1677,0.0
cat__ChargerID_1674,0.0
cat__ChargerID_1673,0.0
cat__ChargerID_1672,0.0
cat__ChargerID_1671,0.0
cat__ChargerID_1667,0.0
cat__ChargerID_1666,0.0
cat__ChargerID_1714,0.0
cat__ChargerID_1713,0.0
cat__ChargerID_1712,0.0
cat__ChargerID_1711,0.0
cat__ChargerID_1710,0.0
cat__ChargerID_1709,0.0
cat__ChargerID_1708,0.0
cat__ChargerID_1707,0.0
cat__ChargerID_1706,0.0
cat__ChargerID_1705,0.0
cat__ChargerID_1703,0.0
cat__ChargerID_1702,0.0
cat__ChargerID_1701,0.0
cat__ChargerID_1700,0.0
cat__ChargerID_1699,0.0
cat__ChargerID_1698,0.0
cat__ChargerID_1733,0.0
cat__ChargerID_1732,0.0
cat__ChargerID_1731,0.0
cat__ChargerID_1730,0.0
cat__ChargerID_1729,0.0
cat__ChargerID_1728,0.0
cat__ChargerID_1727,0.0
cat__ChargerID_1726,0.0
cat__ChargerID_1725,0.0
cat__ChargerID_1724,0.0
cat__ChargerID_1722,0.0
cat__ChargerID_1719,0.0
cat__ChargerID_1718,0.0
cat__ChargerID_1717,0.0
cat__ChargerID_2621,0.0
cat__ChargerID_1715,0.0
cat__Location_bus garage,0.0
cat__Location_accommodation,0.0
cat__ChargerID_1747,0.0
cat__ChargerID_1746,0.0
cat__ChargerID_1745,0.0
cat__ChargerID_1744,0.0
cat__ChargerID_1743,0.0
cat__ChargerID_1742,0.0
cat__ChargerID_1741,0.0
cat__ChargerID_1740,0.0
cat__ChargerID_1739,0.0
cat__ChargerID_1738,0.0
cat__ChargerID_1737,0.0
cat__ChargerID_1736,0.0
cat__ChargerID_1735,0.0
cat__ChargerID_1734,0.0
cat__ChargerID_1768,0.0
cat__ChargerID_1767,0.0
cat__ChargerID_1766,0.0
cat__ChargerID_1765,0.0
cat__ChargerID_1764,0.0
cat__ChargerID_1763,0.0
cat__ChargerID_1762,0.0
cat__ChargerID_1760,0.0
cat__ChargerID_1759,0.0
cat__ChargerID_1757,0.0
cat__ChargerID_1755,0.0
cat__ChargerID_1754,0.0
cat__ChargerID_1753,0.0
cat__ChargerID_1752,0.0
cat__ChargerID_1751,0.0
cat__ChargerID_1750,0.0
cat__ChargerID_1800,0.0
cat__ChargerID_1797,0.0
cat__ChargerID_1794,0.0
cat__ChargerID_1793,0.0
cat__ChargerID_1791,0.0
cat__ChargerID_1790,0.0
cat__ChargerID_1789,0.0
cat__ChargerID_1788,0.0
cat__ChargerID_1787,0.0
cat__ChargerID_1786,0.0
cat__ChargerID_1785,0.0
cat__ChargerID_1784,0.0
cat__ChargerID_1783,0.0
cat__ChargerID_1782,0.0
cat__ChargerID_1780,0.0
cat__ChargerID_1773,0.0
cat__ChargerID_1822,0.0
cat__ChargerID_1821,0.0
cat__ChargerID_1820,0.0
cat__ChargerID_1819,0.0
cat__ChargerID_1818,0.0
cat__ChargerID_1817,0.0
cat__ChargerID_18,0.0
cat__ChargerID_1815,0.0
cat__ChargerID_17,0.0
cat__ChargerID_1813,0.0
cat__ChargerID_1812,0.0
cat__ChargerID_1811,0.0
cat__ChargerID_1805,0.0
cat__ChargerID_16,0.0
cat__ChargerID_1803,0.0
cat__ChargerID_1801,0.0
cat__ChargerID_1840,0.0
cat__ChargerID_1839,0.0
cat__ChargerID_1838,0.0
cat__ChargerID_1837,0.0
cat__ChargerID_1836,0.0
cat__ChargerID_1835,0.0
cat__ChargerID_1834,0.0
cat__ChargerID_10,0.0
cat__ChargerID_1831,0.0
cat__ChargerID_1830,0.0
cat__ChargerID_1829,0.0
cat__ChargerID_1828,0.0
cat__ChargerID_1827,0.0
cat__ChargerID_1825,0.0
cat__ChargerID_1824,0.0
cat__ChargerID_1823,0.0
cat__ChargerID_9,0.0
cat__ChargerID_1861,0.0
cat__ChargerID_8,0.0
cat__ChargerID_1859,0.0
cat__ChargerID_1857,0.0
cat__ChargerID_1855,0.0
cat__ChargerID_1854,0.0
cat__ChargerID_1853,0.0
cat__ChargerID_1852,0.0
cat__ChargerID_1851,0.0
cat__ChargerID_1849,0.0
cat__ChargerID_1848,0.0
cat__ChargerID_1847,0.0
cat__ChargerID_1846,0.0
cat__ChargerID_1845,0.0
cat__ChargerID_1844,0.0
cat__ChargerID_1885,0.0
cat__ChargerID_1884,0.0
cat__ChargerID_1883,0.0
cat__ChargerID_1882,0.0
cat__ChargerID_1881,0.0
cat__ChargerID_1880,0.0
cat__ChargerID_1879,0.0
cat__ChargerID_1878,0.0
cat__ChargerID_1877,0.0
cat__ChargerID_25,0.0
cat__ChargerID_1873,0.0
cat__ChargerID_1871,0.0
cat__ChargerID_1868,0.0
cat__ChargerID_1867,0.0
cat__ChargerID_1866,0.0
cat__ChargerID_24,0.0
cat__ChargerID_1913,0.0
cat__ChargerID_1912,0.0
cat__ChargerID_1911,0.0
cat__ChargerID_1906,0.0
cat__ChargerID_1905,0.0
cat__ChargerID_1904,0.0
cat__ChargerID_1903,0.0
cat__ChargerID_1902,0.0
cat__ChargerID_1901,0.0
cat__ChargerID_1898,0.0
cat__ChargerID_1897,0.0
cat__ChargerID_1893,0.0
cat__ChargerID_1892,0.0
cat__ChargerID_1891,0.0
cat__ChargerID_1889,0.0
cat__ChargerID_1886,0.0
cat__ChargerID_1930,0.0
cat__ChargerID_22,0.0
cat__ChargerID_1928,0.0
cat__ChargerID_20,0.0
cat__ChargerID_1925,0.0
cat__ChargerID_1924,0.0
cat__ChargerID_1923,0.0
cat__ChargerID_61,0.0
cat__ChargerID_1921,0.0
cat__ChargerID_1920,0.0
cat__ChargerID_1919,0.0
cat__ChargerID_1918,0.0
cat__ChargerID_1917,0.0
cat__ChargerID_1916,0.0
cat__ChargerID_1915,0.0
cat__ChargerID_1914,0.0
cat__ChargerID_1952,0.0
cat__ChargerID_1951,0.0
cat__ChargerID_1950,0.0
cat__ChargerID_1948,0.0
cat__ChargerID_1947,0.0
cat__ChargerID_1945,0.0
cat__ChargerID_1944,0.0
cat__ChargerID_1939,0.0
cat__ChargerID_1938,0.0
cat__ChargerID_1937,0.0
cat__ChargerID_1936,0.0
cat__ChargerID_1935,0.0
cat__ChargerID_1934,0.0
cat__ChargerID_1933,0.0
cat__ChargerID_1932,0.0
cat__ChargerID_1931,0.0
cat__ChargerID_1975,0.0
cat__ChargerID_1973,0.0
cat__ChargerID_1972,0.0
cat__ChargerID_1971,0.0
cat__ChargerID_1970,0.0
cat__ChargerID_1969,0.0
cat__ChargerID_1968,0.0
cat__ChargerID_1967,0.0
cat__ChargerID_1966,0.0
cat__ChargerID_1964,0.0
cat__ChargerID_1963,0.0
cat__ChargerID_1962,0.0
cat__ChargerID_1958,0.0
cat__ChargerID_1955,0.0
cat__ChargerID_1954,0.0
cat__ChargerID_1953,0.0
cat__ChargerID_2006,0.0
cat__ChargerID_2003,0.0
cat__ChargerID_2002,0.0
cat__ChargerID_2000,0.0
cat__ChargerID_1999,0.0
cat__ChargerID_1998,0.0
cat__ChargerID_1997,0.0
cat__ChargerID_1995,0.0
cat__ChargerID_1992,0.0
cat__ChargerID_60,0.0
cat__ChargerID_1983,0.0
cat__ChargerID_1982,0.0
cat__ChargerID_1981,0.0
cat__ChargerID_1980,0.0
cat__ChargerID_1979,0.0
cat__ChargerID_1978,0.0
cat__ChargerID_2022,0.0
cat__ChargerID_2021,0.0
cat__ChargerID_2020,0.0
cat__ChargerID_2019,0.0
cat__ChargerID_2018,0.0
cat__ChargerID_2017,0.0
cat__ChargerID_2016,0.0
cat__ChargerID_2015,0.0
cat__ChargerID_2014,0.0
cat__ChargerID_2013,0.0
cat__ChargerID_2012,0.0
cat__ChargerID_2011,0.0
cat__ChargerID_2010,0.0
cat__ChargerID_2009,0.0
cat__ChargerID_2008,0.0
cat__ChargerID_2007,0.0
cat__ChargerID_2040,0.0
cat__ChargerID_2039,0.0
cat__ChargerID_2038,0.0
cat__ChargerID_2037,0.0
cat__ChargerID_2036,0.0
cat__ChargerID_2035,0.0
cat__ChargerID_2034,0.0
cat__ChargerID_2033,0.0
cat__ChargerID_2032,0.0
cat__ChargerID_2031,0.0
cat__ChargerID_2030,0.0
cat__ChargerID_2029,0.0
cat__ChargerID_2027,0.0
cat__ChargerID_2025,0.0
cat__ChargerID_2024,0.0
cat__ChargerID_2023,0.0
cat__ChargerID_2061,0.0
cat__ChargerID_2060,0.0
cat__ChargerID_2059,0.0
cat__ChargerID_2056,0.0
cat__ChargerID_2055,0.0
cat__ChargerID_2053,0.0
cat__ChargerID_2052,0.0
cat__ChargerID_2051,0.0
cat__ChargerID_2050,0.0
cat__ChargerID_2049,0.0
cat__ChargerID_2048,0.0
cat__ChargerID_2046,0.0
cat__ChargerID_2045,0.0
cat__ChargerID_2044,0.0
cat__ChargerID_2043,0.0
cat__ChargerID_2042,0.0
cat__ChargerID_2084,0.0
cat__ChargerID_2083,0.0
cat__ChargerID_2079,0.0
cat__ChargerID_2078,0.0
cat__ChargerID_2077,0.0
cat__ChargerID_2076,0.0
cat__ChargerID_2075,0.0
cat__ChargerID_2073,0.0
cat__ChargerID_2072,0.0
cat__ChargerID_2071,0.0
cat__ChargerID_59,0.0
cat__ChargerID_2067,0.0
cat__ChargerID_2066,0.0
cat__ChargerID_2064,0.0
cat__ChargerID_2063,0.0
cat__ChargerID_2062,0.0
cat__ChargerID_2117,0.0
cat__ChargerID_2116,0.0
cat__ChargerID_2115,0.0
cat__ChargerID_2114,0.0
cat__ChargerID_2113,0.0
cat__ChargerID_2110,0.0
cat__ChargerID_2109,0.0
cat__ChargerID_2106,0.0
cat__ChargerID_2101,0.0
cat__ChargerID_2100,0.0
cat__ChargerID_2099,0.0
cat__ChargerID_2096,0.0
cat__ChargerID_2095,0.0
cat__ChargerID_2087,0.0
cat__ChargerID_2086,0.0
cat__ChargerID_2085,0.0
cat__ChargerID_2146,0.0
cat__ChargerID_2145,0.0
cat__ChargerID_2144,0.0
cat__ChargerID_2143,0.0
cat__ChargerID_2142,0.0
cat__ChargerID_54,0.0
cat__ChargerID_2140,0.0
cat__ChargerID_2139,0.0
cat__ChargerID_2137,0.0
cat__ChargerID_2136,0.0
cat__ChargerID_2135,0.0
cat__ChargerID_2132,0.0
cat__ChargerID_2129,0.0
cat__ChargerID_2126,0.0
cat__ChargerID_2121,0.0
cat__ChargerID_2120,0.0
cat__ChargerID_2169,0.0
cat__ChargerID_2167,0.0
cat__ChargerID_2165,0.0
cat__ChargerID_2164,0.0
cat__ChargerID_2162,0.0
cat__ChargerID_2160,0.0
cat__ChargerID_2159,0.0
cat__ChargerID_2158,0.0
cat__ChargerID_2157,0.0
cat__ChargerID_2156,0.0
cat__ChargerID_2155,0.0
cat__ChargerID_2152,0.0
cat__ChargerID_2150,0.0
cat__ChargerID_2149,0.0
cat__ChargerID_2148,0.0
cat__ChargerID_2147,0.0
cat__ChargerID_2210,0.0
cat__ChargerID_2209,0.0
cat__ChargerID_2208,0.0
cat__ChargerID_2207,0.0
cat__ChargerID_2206,0.0
cat__ChargerID_2205,0.0
cat__ChargerID_2202,0.0
cat__ChargerID_2201,0.0
cat__ChargerID_2200,0.0
cat__ChargerID_2193,0.0
cat__ChargerID_2192,0.0
cat__ChargerID_2191,0.0
cat__ChargerID_2186,0.0
cat__ChargerID_2183,0.0
cat__ChargerID_2181,0.0
cat__ChargerID_2173,0.0
cat__ChargerID_2272,0.0
cat__ChargerID_2268,0.0
cat__ChargerID_2264,0.0
cat__ChargerID_2260,0.0
cat__ChargerID_2255,0.0
cat__ChargerID_2250,0.0
cat__ChargerID_2245,0.0
cat__ChargerID_2240,0.0
cat__ChargerID_2232,0.0
cat__ChargerID_2231,0.0
cat__ChargerID_2230,0.0
cat__ChargerID_2229,0.0
cat__ChargerID_2228,0.0
cat__ChargerID_2224,0.0
cat__ChargerID_2223,0.0
cat__ChargerID_2218,0.0
cat__ChargerID_2303,0.0
cat__ChargerID_2301,0.0
cat__ChargerID_2300,0.0
cat__ChargerID_2298,0.0
cat__ChargerID_2297,0.0
cat__ChargerID_2296,0.0
cat__ChargerID_2295,0.0
cat__ChargerID_2294,0.0
cat__ChargerID_2292,0.0
cat__ChargerID_2288,0.0
cat__ChargerID_2286,0.0
cat__ChargerID_2285,0.0
cat__ChargerID_2284,0.0
cat__ChargerID_2282,0.0
cat__ChargerID_2281,0.0
cat__ChargerID_2279,0.0
cat__ChargerID_2325,0.0
cat__ChargerID_2324,0.0
cat__ChargerID_50,0.0
cat__ChargerID_2321,0.0
cat__ChargerID_2320,0.0
cat__ChargerID_2319,0.0
cat__ChargerID_2318,0.0
cat__ChargerID_2317,0.0
cat__ChargerID_48,0.0
cat__ChargerID_2315,0.0
cat__ChargerID_2314,0.0
cat__ChargerID_2313,0.0
cat__ChargerID_2312,0.0
cat__ChargerID_2311,0.0
cat__ChargerID_2308,0.0
cat__ChargerID_2306,0.0
cat__ChargerID_2357,0.0
cat__ChargerID_2356,0.0
cat__ChargerID_2350,0.0
cat__ChargerID_2348,0.0
cat__ChargerID_2347,0.0
cat__ChargerID_2346,0.0
cat__ChargerID_2344,0.0
cat__ChargerID_2343,0.0
cat__ChargerID_2342,0.0
cat__ChargerID_2341,0.0
cat__ChargerID_2340,0.0
cat__ChargerID_2334,0.0
cat__ChargerID_2332,0.0
cat__ChargerID_2329,0.0
cat__ChargerID_2327,0.0
cat__ChargerID_2326,0.0
cat__ChargerID_2383,0.0
cat__ChargerID_2381,0.0
cat__ChargerID_2379,0.0
cat__ChargerID_2378,0.0
cat__ChargerID_2377,0.0
cat__ChargerID_2376,0.0
cat__ChargerID_2375,0.0
cat__ChargerID_2373,0.0
cat__ChargerID_2372,0.0
cat__ChargerID_2371,0.0
cat__ChargerID_2369,0.0
cat__ChargerID_2368,0.0
cat__ChargerID_2362,0.0
cat__ChargerID_2360,0.0
cat__ChargerID_2359,0.0
cat__ChargerID_2358,0.0
cat__ChargerID_2426,0.0
cat__ChargerID_46,0.0
cat__ChargerID_2418,0.0
cat__ChargerID_2414,0.0
cat__ChargerID_2411,0.0
cat__ChargerID_2409,0.0
cat__ChargerID_2407,0.0
cat__ChargerID_2406,0.0
cat__ChargerID_2405,0.0
cat__ChargerID_2396,0.0
cat__ChargerID_44,0.0
cat__ChargerID_2392,0.0
cat__ChargerID_2391,0.0
cat__ChargerID_2390,0.0
cat__ChargerID_2389,0.0
cat__ChargerID_2385,0.0
cat__ChargerID_2456,0.0
cat__ChargerID_2455,0.0
cat__ChargerID_2454,0.0
cat__ChargerID_2452,0.0
cat__ChargerID_2450,0.0
cat__ChargerID_2449,0.0
cat__ChargerID_2448,0.0
cat__ChargerID_2447,0.0
cat__ChargerID_2446,0.0
cat__ChargerID_2445,0.0
cat__ChargerID_2439,0.0
cat__ChargerID_2438,0.0
cat__ChargerID_2436,0.0
cat__ChargerID_2433,0.0
cat__ChargerID_2432,0.0
cat__ChargerID_2431,0.0
cat__ChargerID_2485,0.0
cat__ChargerID_2484,0.0
cat__ChargerID_2483,0.0
cat__ChargerID_2482,0.0
cat__ChargerID_2479,0.0
cat__ChargerID_2478,0.0
cat__ChargerID_2475,0.0
cat__ChargerID_2474,0.0
cat__ChargerID_2473,0.0
cat__ChargerID_2472,0.0
cat__ChargerID_2466,0.0
cat__ChargerID_2464,0.0
cat__ChargerID_2461,0.0
cat__ChargerID_2460,0.0
cat__ChargerID_2458,0.0
cat__ChargerID_2457,0.0
cat__ChargerID_2509,0.0
cat__ChargerID_2507,0.0
cat__ChargerID_2506,0.0
cat__ChargerID_2505,0.0
cat__ChargerID_2504,0.0
cat__ChargerID_2503,0.0
cat__ChargerID_2502,0.0
cat__ChargerID_2501,0.0
cat__ChargerID_2500,0.0
cat__ChargerID_2499,0.0
cat__ChargerID_2497,0.0
cat__ChargerID_2494,0.0
cat__ChargerID_2492,0.0
cat__ChargerID_2489,0.0
cat__ChargerID_43,0.0
cat__ChargerID_2486,0.0
cat__ChargerID_2553,0.0
cat__ChargerID_2552,0.0
cat__ChargerID_2547,0.0
cat__ChargerID_2544,0.0
cat__ChargerID_2543,0.0
cat__ChargerID_2541,0.0
cat__ChargerID_2540,0.0
cat__ChargerID_2539,0.0
cat__ChargerID_2538,0.0
cat__ChargerID_2537,0.0
cat__ChargerID_2533,0.0
cat__ChargerID_2532,0.0
cat__ChargerID_2529,0.0
cat__ChargerID_2519,0.0
cat__ChargerID_2518,0.0
cat__ChargerID_2517,0.0
cat__ChargerID_2580,0.0
cat__ChargerID_2579,0.0
cat__ChargerID_2578,0.0
cat__ChargerID_2577,0.0
cat__ChargerID_2576,0.0
cat__ChargerID_2575,0.0
cat__ChargerID_2574,0.0
cat__ChargerID_2573,0.0
cat__ChargerID_2572,0.0
cat__ChargerID_2570,0.0
cat__ChargerID_2569,0.0
cat__ChargerID_2561,0.0
cat__ChargerID_2560,0.0
cat__ChargerID_2556,0.0
cat__ChargerID_2555,0.0
cat__ChargerID_2554,0.0
cat__ChargerID_2608,0.0
cat__ChargerID_2607,0.0
cat__ChargerID_2606,0.0
cat__ChargerID_2605,0.0
cat__ChargerID_2602,0.0
cat__ChargerID_2601,0.0
cat__ChargerID_2597,0.0
cat__ChargerID_2594,0.0
cat__ChargerID_2593,0.0
cat__ChargerID_2619,0.0
cat__ChargerID_2617,0.0
cat__ChargerID_2616,0.0
cat__ChargerID_2613,0.0
cat__ChargerID_42,0.0
cat__ChargerID_2611,0.0
cat__ChargerID_2609,0.0
cat__ChargerID_37,0.0
cat__ChargerID_34,0.0
cat__ChargerID_38,0.0
cat__ChargerID_32,0.0
cat__ChargerID_30,0.0
cat__ChargerID_29,0.0
cat__ChargerID_28,0.0
cat__ChargerID_27,0.0
cat__ChargerID_82,0.0
cat__ChargerID_2592,0.0
cat__ChargerID_2587,0.0
cat__ChargerID_2585,0.0
cat__ChargerID_81,0.0
cat__ChargerID_80,0.0
cat__ChargerID_2582,0.0
cat__ChargerID_2581,0.0
cat__Location_sightseeing,0.0
cat__ChargerID_79,0.0
cat__ChargerID_77,0.0
cat__ChargerID_76,0.0
cat__Location_public institution,0.0
cat__ChargerID_74,0.0
cat__ChargerID_7,0.0
cat__ChargerID_5,0.0
cat__ChargerID_3,0.0
cat__ChargerID_2,0.0
cat__ChargerID_1,0.0
cat__ChargerID_73,0.0
cat__ChargerID_2612,0.0
