ChargerID,PreviousChargerDemand
1,32.73
2,0.14
3,16.4
5,49.3
7,8.26
8,10.63
9,18.18
10,6.11
13,12.2
14,5.38
15,38.8
16,16.0
17,5.95
18,6.07
19,3.11
20,22.4
21,19.3
22,21.0
23,37.25
24,35.0
25,11.56
26,22.34
27,30.3
28,5.0
29,13.1
30,39.51
32,9.87
33,46.79
34,21.8
37,22.2
38,30.61
42,52.43
43,27.84
44,10.0
45,29.8
46,50.6
48,9.4
49,47.77
50,3.5
52,11.1
54,5.23
55,10.06
56,15.15
59,14.6
60,22.38
61,11.3
62,8.83
64,9.3
65,12.9
66,16.43
68,39.3
69,56.5
72,6.7
73,5.7
74,17.6
76,10.9
77,14.09
79,14.7
80,16.27
81,3.18
82,41.7
83,11.15
84,4.57
85,12.62
87,39.06
88,0.1
89,18.59
90,9.49
91,24.84
92,16.1
93,11.3
95,37.63
96,15.17
97,44.59
99,12.44
100,7.4
101,37.3
102,10.89
103,3.8
104,22.31
105,6.37
107,17.9
108,6.47
109,0.3
110,1.99
111,5.22
112,8.81
113,11.2
114,14.2
116,3.8
117,0.32
118,5.2
119,22.3
120,19.91
121,1.28
123,8.5
125,24.24
126,10.23
127,6.71
128,11.0
129,3.93
130,22.3
132,9.94
134,1.2
136,38.2
137,18.18
139,9.6
140,13.6
145,17.8
146,11.4
147,2.5
149,37.06
150,17.26
152,45.45
153,6.9
154,30.8
155,18.2
156,7.49
157,3.42
158,19.31
159,13.5
160,8.82
161,1.9
162,39.54
163,52.3
164,8.81
166,0.2
167,5.23
168,34.94
170,5.7
171,43.81
172,14.69
173,5.58
174,0.85
175,11.15
176,36.5
177,32.3
178,6.74
180,6.7
181,44.82
182,9.72
185,8.97
187,24.1
188,53.6
189,3.7
190,11.73
191,47.96
194,6.0
195,0.12
198,3.17
199,3.89
200,18.3
202,7.6
203,45.12
204,3.2
205,4.43
206,13.57
208,3.6
210,10.44
211,19.11
213,5.9
214,44.86
215,12.87
217,6.68
219,57.05
221,11.94
222,22.3
224,8.09
225,6.6
226,11.7
227,4.8
230,9.62
232,15.5
233,4.2
234,11.47
235,18.6
236,8.74
237,30.31
238,7.03
242,24.76
244,8.54
246,13.58
248,15.24
249,8.26
250,45.2
251,42.06
252,16.92
253,3.21
254,3.03
257,6.43
258,19.06
260,4.53
262,20.79
263,18.19
264,11.2
265,34.75
267,54.2
269,4.21
270,9.43
273,29.62
274,31.73
275,7.5
277,9.56
278,4.3
279,3.0
281,15.27
283,18.2
284,27.2
285,30.4
286,1.8
287,10.8
289,12.34
290,5.5
291,15.09
296,23.32
298,22.31
300,9.0
301,12.2
303,50.9
304,19.6
305,37.1
306,13.96
307,6.41
308,3.6
309,7.96
310,2.36
311,9.94
312,4.53
315,0.61
317,22.4
319,6.41
320,57.29
322,7.09
326,5.42
327,0.1
328,66.1
329,20.76
331,16.19
334,13.39
343,21.9
347,63.7
348,7.61
349,6.54
350,43.2
354,40.2
356,25.2
357,42.3
358,45.23
359,40.09
360,28.75
361,4.25
362,11.3
363,18.56
364,20.9
365,22.24
366,13.79
367,12.36
368,9.04
369,13.83
370,17.81
371,42.85
372,49.13
373,35.79
374,10.5
375,61.66
376,25.43
377,40.17
378,11.15
379,8.67
380,6.91
381,8.42
382,4.89
383,7.9
384,16.37
385,18.96
387,4.73
388,28.42
389,23.84
390,21.4
391,20.8
392,12.77
393,3.5
394,16.91
395,6.92
396,13.14
397,13.81
398,9.27
399,27.99
400,10.86
401,16.8
402,20.05
403,8.72
404,2.46
405,10.76
406,1.34
407,13.31
408,12.1
409,21.47
410,14.9
411,16.57
412,11.02
413,8.92
414,11.25
415,11.18
416,17.12
417,16.16
418,12.15
419,3.99
420,18.22
421,26.36
422,25.97
423,0.09
424,23.79
425,16.07
426,21.4
427,22.6
428,7.34
429,24.3
430,21.42
431,28.63
432,33.12
433,35.6
434,11.85
435,7.58
436,4.57
437,14.0
438,17.64
439,22.84
440,13.01
441,10.9
442,21.56
443,15.64
444,21.67
445,28.89
446,28.55
447,20.27
448,16.83
449,50.59
450,12.48
451,24.32
452,11.93
453,6.87
454,24.42
455,35.07
456,10.06
457,14.61
458,4.95
460,27.52
461,19.09
462,0.9
463,49.4
464,8.13
466,9.86
467,17.59
468,11.3
469,7.77
472,46.05
473,31.25
474,0.51
475,14.94
477,5.39
479,34.14
481,20.25
482,38.0
483,22.3
489,4.97
491,28.3
492,18.25
495,11.27
497,26.84
500,4.02
501,8.0
502,12.46
503,33.13
504,14.61
505,5.2
506,22.33
507,15.05
508,15.65
509,20.5
510,8.73
511,35.73
512,18.5
513,9.7
514,45.92
515,32.3
516,11.55
517,10.8
518,13.5
521,25.04
522,10.44
523,35.76
524,23.28
525,7.36
526,3.81
528,26.72
529,8.2
530,21.91
531,50.57
532,3.92
533,34.16
534,21.16
536,21.88
537,3.72
538,18.0
539,13.62
540,27.91
541,21.4
542,3.55
543,14.97
544,17.72
545,47.95
546,14.17
548,5.3
549,7.15
550,7.79
551,1.0
552,11.2
553,24.2
554,14.63
555,11.2
556,11.1
557,6.7
558,12.53
559,3.55
560,7.02
561,10.87
562,15.83
563,21.93
564,6.4
565,14.85
566,12.34
567,14.0
568,6.94
569,6.31
570,12.16
571,9.94
572,7.6
573,31.39
574,0.97
575,1.68
576,2.38
577,0.1
578,19.75
579,5.7
580,8.54
581,14.95
582,22.44
586,3.1
587,30.04
588,42.3
589,1.81
590,29.56
592,0.31
595,40.24
596,33.92
598,21.6
599,6.0
601,31.06
602,21.1
604,16.39
606,14.71
607,12.37
608,18.2
609,0.1
611,8.3
612,12.77
613,38.37
614,17.58
618,14.1
619,26.08
620,15.14
621,22.44
622,28.31
623,19.06
624,11.22
625,38.57
627,19.92
629,10.94
630,10.8
631,9.94
632,6.7
633,0.1
634,10.85
635,60.3
636,6.0
637,6.2
638,6.39
639,52.18
640,14.06
641,34.15
642,22.62
643,28.23
644,11.18
645,7.38
646,15.7
648,34.16
650,19.48
651,22.92
652,29.61
653,7.7
654,21.87
656,23.5
657,22.78
658,11.24
659,10.8
660,51.49
661,24.62
662,7.87
663,30.2
664,13.06
665,9.84
666,8.16
667,16.97
668,31.07
669,2.82
670,17.49
671,25.75
672,34.0
673,15.53
674,41.86
675,35.97
677,29.88
678,18.96
679,16.3
680,6.86
681,11.88
682,22.93
683,22.81
684,26.88
685,43.42
686,6.46
687,20.63
688,14.26
689,24.1
690,12.72
691,16.68
692,11.09
693,13.56
694,5.51
695,5.48
696,18.81
697,1.47
698,21.59
699,1.85
700,11.39
701,1.73
702,17.57
703,12.68
704,1.81
705,4.6
706,12.27
707,7.21
708,9.69
710,6.69
711,21.11
712,1.11
713,2.53
714,4.9
715,6.53
716,17.45
717,21.5
718,4.24
719,11.0
720,21.4
721,1.7
722,3.25
723,23.2
724,16.4
725,12.49
726,0.93
727,14.7
728,10.84
729,22.79
730,6.76
731,18.51
732,33.58
733,5.2
734,19.3
735,10.29
736,6.19
737,13.21
738,36.86
739,5.28
740,17.3
741,10.87
742,2.63
743,3.74
744,15.39
745,17.48
746,6.07
747,20.31
749,20.7
750,7.64
751,19.8
752,1.44
753,15.51
754,29.97
755,37.01
756,21.42
759,21.94
760,10.44
761,45.04
762,6.88
763,8.26
764,14.63
765,8.78
766,27.8
767,15.07
768,7.65
769,8.84
770,49.89
771,31.2
772,17.57
773,60.65
774,0.14
775,21.87
776,41.13
777,12.31
778,2.58
779,26.47
780,49.75
781,24.13
782,2.74
783,9.66
784,8.16
785,11.04
786,8.24
787,10.78
788,12.22
789,4.12
791,8.55
792,27.1
793,2.97
796,10.5
797,9.57
798,11.4
799,10.82
801,11.0
802,0.08
803,4.01
804,2.0
805,9.19
806,7.2
807,7.59
808,5.55
809,11.03
810,1.2
811,9.4
812,2.9
813,3.73
814,0.3
815,2.1
816,1.3
817,47.36
818,2.8
819,4.6
820,9.1
821,5.7
822,0.19
823,15.75
824,12.77
825,12.1
826,23.25
827,15.26
829,16.37
830,0.98
831,4.61
832,1.98
833,8.32
834,40.6
835,7.14
836,13.11
837,19.39
838,4.68
839,13.32
840,5.93
841,34.69
842,1.49
843,21.89
844,5.88
845,25.48
846,14.56
847,18.1
848,6.45
849,7.13
851,0.95
852,35.19
853,50.09
854,2.32
855,12.75
856,28.08
858,14.48
861,13.52
862,16.19
863,7.67
864,22.22
865,79.45
866,28.08
868,2.13
869,25.14
870,18.46
871,30.05
872,26.69
873,12.85
874,3.14
875,7.43
876,32.37
877,7.14
878,17.28
879,17.28
880,8.88
881,27.33
882,20.61
886,20.01
887,5.1
888,66.48
889,7.22
890,11.67
891,19.34
892,59.18
893,33.4
894,26.51
895,3.35
896,54.51
897,10.91
898,1.57
899,14.54
900,28.23
902,19.78
904,8.64
905,19.3
906,23.36
907,19.29
908,13.53
909,8.11
910,11.74
911,1.0
912,15.6
913,26.48
914,1.44
915,27.19
916,24.44
917,36.71
918,0.21
919,32.86
920,0.01
921,25.69
922,29.18
923,29.24
924,15.06
925,16.05
926,49.69
927,6.12
928,5.3
929,29.4
930,0.57
931,27.92
932,35.56
933,4.22
934,6.66
935,10.79
936,19.03
937,5.09
938,40.6
939,9.65
940,25.71
941,5.0
942,28.28
944,8.14
945,9.07
946,18.31
947,16.48
948,3.7
949,9.77
950,1.01
951,10.55
952,5.29
953,31.68
954,20.54
955,1.34
956,13.3
957,20.13
958,1.6
959,24.08
960,30.67
961,11.11
962,8.7
963,29.1
964,31.25
966,15.31
967,15.55
968,18.0
969,14.75
970,2.97
971,14.55
972,8.39
973,20.8
974,12.2
975,2.9
976,11.1
977,3.86
978,22.11
979,23.1
980,22.48
981,4.48
982,4.75
983,3.14
984,0.7
985,4.97
986,18.6
987,5.1
988,9.02
989,15.32
990,2.8
991,4.0
992,2.4
993,2.96
994,6.65
995,2.21
996,3.23
997,20.03
998,19.58
999,0.1
1000,22.69
1001,25.28
1002,26.47
1003,25.03
1004,8.79
1005,21.95
1006,23.04
1007,18.68
1008,11.18
1009,0.01
1010,25.11
1011,10.91
1012,19.74
1013,12.69
1014,29.65
1015,10.89
1016,0.07
1017,19.58
1018,10.23
1019,4.21
1020,21.95
1021,4.36
1022,19.26
1023,42.4
1024,1.6
1025,0.08
1026,4.63
1028,4.36
1029,2.96
1030,18.8
1031,38.63
1032,8.76
1033,18.06
1034,25.8
1035,13.5
1036,11.72
1037,0.01
1038,0.01
1039,8.7
1041,52.97
1042,9.82
1043,34.51
1045,15.4
1046,10.58
1047,36.47
1048,52.83
1049,26.88
1050,2.57
1051,8.4
1052,0.02
1053,2.78
1054,1.57
1055,10.45
1056,13.81
1057,6.67
1058,4.38
1059,3.6
1060,13.84
1061,33.85
1062,14.58
1063,15.42
1064,11.33
1065,16.72
1066,27.16
1067,18.81
1068,22.88
1069,3.58
1070,9.63
1071,0.03
1072,0.01
1073,13.35
1074,14.93
1075,9.2
1076,29.88
1077,8.37
1078,11.14
1079,16.57
1080,6.7
1081,10.16
1082,16.28
1083,13.03
1084,19.69
1085,27.7
1087,5.69
1088,24.06
1089,5.87
1090,22.29
1091,3.3
1092,12.1
1093,8.71
1094,5.06
1095,21.38
1096,6.43
1097,19.72
1098,13.4
1100,18.82
1101,0.02
1103,14.37
1104,25.44
1105,10.9
1106,22.55
1108,7.31
1109,9.67
1111,20.55
1112,9.95
1114,15.29
1115,14.94
1116,22.16
1117,22.07
1118,23.52
1119,54.1
1120,10.81
1121,8.93
1122,4.76
1123,45.22
1124,5.08
1125,22.74
1126,21.78
1127,19.11
1128,8.18
1129,16.24
1130,3.9
1131,33.1
1132,11.5
1133,9.76
1134,15.49
1135,46.88
1136,1.05
1137,20.05
1138,3.05
1139,14.6
1140,13.77
1141,8.87
1142,2.49
1143,16.03
1144,1.93
1145,1.5
1146,10.3
1147,9.3
1148,5.28
1149,1.47
1150,1.13
1151,11.17
1152,0.37
1153,10.9
1154,3.31
1155,11.08
1156,10.71
1157,7.8
1158,13.06
1159,19.62
1160,21.36
1161,14.67
1162,11.78
1163,35.84
1164,0.14
1166,26.54
1167,24.4
1168,45.85
1169,30.51
1170,10.99
1171,27.01
1172,10.44
1173,20.8
1174,1.1
1175,19.1
1176,23.2
1177,14.09
1178,11.9
1179,24.0
1180,0.07
1181,6.8
1182,20.5
1183,0.5
1186,36.68
1187,7.21
1188,16.75
1189,8.16
1190,29.57
1192,10.54
1193,6.41
1194,5.64
1195,12.89
1197,10.22
1198,12.0
1199,7.85
1200,11.1
1201,10.7
1202,2.7
1203,1.45
1204,3.99
1205,9.27
1206,7.0
1208,7.45
1209,7.9
1210,11.85
1211,5.23
1212,6.3
1213,11.44
1214,2.19
1215,2.44
1216,10.44
1217,9.15
1218,11.43
1219,0.04
1220,22.3
1222,20.45
1223,22.6
1224,50.38
1225,8.14
1226,18.87
1227,25.95
1228,27.69
1229,10.66
1230,21.49
1231,41.81
1233,17.92
1234,23.38
1235,30.73
1236,23.8
1237,8.96
1238,21.88
1239,32.48
1240,12.13
1241,24.6
1242,12.29
1243,25.48
1244,43.65
1245,10.78
1246,30.49
1247,12.46
1248,14.74
1249,17.33
1250,5.7
1251,31.04
1252,10.87
1253,96.35
1254,3.7
1255,26.62
1256,34.93
1257,35.67
1258,10.57
1259,22.17
1260,7.82
1261,19.88
1263,36.5
1264,28.16
1265,15.2
1268,3.36
1274,11.68
1276,42.5
1277,31.78
1278,7.56
1281,2.7
1282,4.7
1283,8.93
1284,47.4
1285,7.8
1286,11.0
1287,7.1
1288,5.7
1289,3.62
1290,6.07
1291,18.95
1293,3.46
1294,17.9
1295,40.58
1296,2.75
1297,0.1
1298,5.24
1299,23.39
1300,20.91
1301,16.97
1302,2.6
1303,9.28
1304,2.5
1305,1.49
1306,6.12
1307,16.64
1308,8.14
1309,6.67
1310,28.86
1311,5.49
1312,21.54
1313,11.04
1314,10.16
1315,4.9
1316,10.74
1317,11.15
1318,6.5
1319,16.54
1320,23.91
1321,22.06
1322,16.95
1323,46.56
1324,14.46
1326,53.0
1327,37.6
1328,3.2
1331,20.91
1332,21.49
1333,38.71
1334,25.41
1335,14.36
1336,15.56
1338,37.44
1340,37.15
1341,7.08
1342,26.47
1343,13.48
1344,36.61
1345,41.59
1346,1.01
1347,23.1
1348,4.33
1349,5.98
1350,10.8
1352,15.93
1355,29.12
1357,12.54
1358,49.39
1359,4.98
1360,12.28
1361,10.83
1362,12.1
1363,4.69
1365,19.8
1366,8.35
1367,9.29
1368,15.65
1369,21.22
1370,16.48
1371,18.49
1372,35.9
1373,15.32
1374,12.28
1375,40.06
1376,39.68
1377,20.46
1378,15.68
1379,59.31
1380,29.14
1381,12.63
1382,15.45
1383,17.49
1384,20.51
1385,16.32
1386,19.71
1387,29.07
1388,9.07
1389,8.7
1390,10.82
1391,2.8
1392,3.5
1393,6.07
1394,32.91
1395,5.9
1396,25.94
1397,7.75
1398,18.9
1399,4.49
1400,5.08
1401,22.73
1402,20.9
1403,21.64
1404,21.04
1405,9.38
1406,20.45
1407,20.3
1408,32.03
1409,5.79
1410,7.24
1411,0.02
1412,21.02
1413,0.11
1414,24.64
1415,21.51
1416,6.73
1417,33.76
1418,24.23
1419,7.66
1420,18.47
1421,19.54
1422,13.44
1424,47.83
1427,17.0
1428,5.59
1429,11.3
1430,15.04
1431,4.33
1432,12.46
1433,15.15
1434,7.28
1435,22.63
1436,57.71
1444,32.47
1446,8.4
1447,13.17
1448,18.08
1449,32.01
1450,13.24
1451,12.97
1452,16.36
1453,21.4
1454,8.04
1455,19.18
1456,12.77
1457,37.96
1458,1.1
1459,5.9
1460,7.1
1461,7.2
1462,14.57
1463,19.46
1464,8.15
1466,20.47
1467,10.61
1468,17.46
1469,8.55
1470,41.1
1471,6.2
1472,10.76
1473,7.1
1474,10.24
1475,35.97
1477,6.62
1478,13.2
1479,21.47
1480,18.83
1481,10.13
1482,8.32
1483,10.9
1484,6.3
1485,5.68
1486,56.09
1487,8.11
1488,24.78
1489,30.14
1490,0.01
1491,37.52
1495,20.58
1496,23.08
1497,15.51
1498,8.31
1499,59.46
1500,23.81
1501,23.25
1502,19.53
1503,43.77
1504,10.45
1505,17.31
1506,14.59
1507,14.12
1510,3.27
1511,11.24
1512,8.22
1513,46.42
1514,17.76
1515,10.03
1516,2.79
1517,18.78
1521,31.49
1523,12.14
1524,16.06
1525,6.61
1526,9.94
1532,5.41
1533,20.73
1536,8.31
1538,71.24
1539,0.59
1540,4.85
1541,0.01
1545,7.28
1546,5.88
1547,10.52
1548,11.98
1549,6.78
1550,10.93
1551,8.96
1553,21.52
1555,16.8
1556,24.19
1557,50.43
1560,3.72
1561,44.13
1563,15.06
1566,28.29
1568,29.1
1570,16.88
1572,48.98
1573,13.49
1574,26.37
1575,38.01
1576,9.24
1577,31.67
1578,12.68
1579,35.44
1580,47.59
1581,41.29
1582,30.8
1583,7.16
1584,29.1
1585,17.15
1586,13.38
1587,12.66
1588,2.8
1589,3.57
1590,5.12
1591,10.22
1592,1.1
1593,22.44
1594,25.5
1595,23.52
1597,10.66
1598,21.04
1599,21.59
1601,49.24
1602,13.64
1603,61.17
1604,25.1
1605,11.29
1606,11.59
1608,11.63
1609,11.69
1610,8.92
1611,9.48
1612,11.26
1613,17.95
1615,12.01
1616,31.55
1617,26.58
1620,26.43
1621,22.85
1623,12.72
1624,33.5
1625,5.66
1626,19.54
1629,7.87
1631,0.01
1633,9.2
1634,12.4
1635,2.62
1636,2.63
1637,1.38
1638,12.27
1639,24.02
1640,5.99
1641,32.44
1642,13.12
1643,0.33
1644,4.65
1645,18.1
1646,0.01
1648,24.8
1649,8.4
1650,29.3
1651,37.8
1652,5.73
1655,3.94
1657,0.03
1659,8.01
1660,35.99
1661,5.86
1662,29.97
1665,24.9
1666,15.53
1667,4.04
1671,2.4
1672,11.82
1673,29.95
1674,8.74
1677,4.06
1680,36.5
1688,41.82
1689,9.54
1691,26.25
1692,33.94
1693,0.01
1694,22.63
1695,7.38
1697,35.13
1698,28.36
1699,1.12
1700,57.01
1701,12.1
1702,7.4
1703,19.44
1705,12.81
1706,33.13
1707,24.65
1708,28.8
1709,2.92
1710,16.31
1711,1.62
1712,20.12
1713,18.47
1714,9.54
1715,12.64
1716,65.0
1717,30.85
1718,40.79
1719,24.6
1722,8.35
1724,24.16
1725,28.53
1726,10.45
1727,4.13
1728,35.54
1729,17.68
1730,52.25
1731,7.3
1732,8.5
1733,1.54
1734,27.95
1735,42.29
1736,40.08
1737,28.41
1738,63.4
1739,61.13
1740,38.8
1741,13.93
1742,36.08
1743,21.63
1744,23.48
1745,30.11
1746,16.87
1747,4.41
1748,12.26
1749,48.96
1750,6.16
1751,18.63
1752,32.94
1753,49.7
1754,3.92
1755,9.02
1757,19.3
1759,42.71
1760,24.65
1762,19.21
1763,25.15
1764,7.82
1765,34.7
1766,61.7
1767,23.9
1768,16.58
1773,36.81
1780,44.54
1782,23.28
1783,7.94
1784,23.17
1785,23.94
1786,24.24
1787,23.46
1788,23.61
1789,21.54
1790,6.78
1791,33.45
1793,10.46
1794,4.14
1797,5.74
1800,41.35
1801,12.86
1803,14.49
1804,6.0
1805,21.02
1811,14.62
1812,7.4
1813,15.15
1814,62.11
1815,2.1
1816,67.79
1817,43.45
1818,8.9
1819,3.6
1820,7.3
1821,1.7
1822,42.77
1823,4.9
1824,10.97
1825,9.45
1827,21.96
1828,4.19
1829,8.77
1830,9.79
1831,5.08
1833,48.04
1834,43.39
1835,11.06
1836,51.31
1837,0.17
1838,15.64
1839,12.32
1840,27.3
1844,36.4
1845,37.64
1846,31.6
1847,4.0
1848,24.21
1849,8.02
1851,12.85
1852,25.2
1853,16.8
1854,19.71
1855,11.19
1857,17.55
1859,35.55
1860,51.67
1861,2.84
1862,65.1
1865,65.1
1866,2.55
1867,4.94
1868,25.92
1871,25.0
1873,3.07
1876,45.45
1877,1.0
1878,31.45
1879,18.23
1880,8.68
1881,42.08
1882,8.59
1883,2.19
1884,34.55
1885,8.95
1886,40.61
1889,19.72
1891,0.18
1892,13.63
1893,24.19
1897,22.85
1898,1.36
1901,6.67
1902,2.42
1903,0.1
1904,6.85
1905,7.8
1906,7.36
1911,17.45
1912,34.15
1913,13.13
1914,20.57
1915,14.17
1916,1.07
1917,0.1
1918,1.96
1919,16.04
1920,34.01
1921,8.01
1922,32.39
1923,3.41
1924,39.19
1925,41.59
1926,56.72
1928,31.32
1929,55.41
1930,38.74
1931,15.48
1932,13.51
1933,4.4
1934,3.9
1935,30.96
1936,9.58
1937,0.82
1938,7.91
1939,6.06
1944,4.5
1945,5.42
1947,1.21
1948,16.89
1950,3.4
1951,17.88
1952,11.4
1953,11.6
1954,28.74
1955,47.35
1958,7.53
1962,6.3
1963,6.02
1964,7.89
1966,18.69
1967,19.17
1968,22.76
1969,11.37
1970,12.55
1971,30.05
1972,9.83
1973,28.03
1975,10.39
1978,3.5
1979,30.92
1980,21.73
1981,13.08
1982,6.06
1983,4.57
1991,36.55
1992,10.8
1995,45.69
1997,8.64
1998,16.77
1999,12.1
2000,21.3
2002,17.12
2003,31.14
2006,0.02
2007,13.82
2008,3.26
2009,0.1
2010,18.97
2011,22.64
2012,30.43
2013,21.55
2014,14.84
2015,58.3
2016,25.42
2017,0.46
2018,19.8
2019,27.08
2020,25.02
2021,0.14
2022,21.88
2023,21.49
2024,0.1
2025,20.87
2027,0.7
2029,4.3
2030,4.97
2031,12.75
2032,19.75
2033,8.9
2034,2.1
2035,1.48
2036,3.7
2037,3.3
2038,1.57
2039,2.73
2040,61.88
2042,7.93
2043,8.4
2044,0.3
2045,13.92
2046,4.5
2048,41.87
2049,9.29
2050,12.82
2051,20.92
2052,7.7
2053,3.0
2055,14.82
2056,8.21
2059,3.41
2060,10.39
2061,6.66
2062,3.63
2063,11.48
2064,6.42
2066,11.23
2067,29.23
2068,2.92
2071,8.36
2072,31.09
2073,2.07
2075,3.92
2076,19.1
2077,6.11
2078,11.49
2079,12.79
2083,10.98
2084,20.34
2085,43.84
2086,19.89
2087,3.78
2095,30.87
2096,11.7
2099,10.69
2100,9.25
2101,11.0
2106,9.31
2109,3.74
2110,9.96
2113,44.81
2114,9.57
2115,23.43
2116,24.91
2117,31.31
2120,0.41
2121,8.2
2126,0.6
2129,10.3
2132,3.65
2135,8.81
2136,7.71
2137,6.63
2139,12.49
2140,9.86
2141,40.8
2142,9.89
2143,12.06
2144,11.35
2145,8.95
2146,4.01
2147,11.2
2148,10.96
2149,15.94
2150,8.09
2152,3.8
2155,16.45
2156,3.0
2157,1.01
2158,4.2
2159,5.71
2160,25.9
2162,1.25
2164,1.81
2165,1.03
2167,26.96
2169,6.95
2173,6.74
2181,11.65
2183,3.38
2186,0.4
2191,10.56
2192,9.68
2193,27.79
2200,23.23
2201,6.48
2202,10.49
2205,3.72
2206,36.6
2207,7.7
2208,19.34
2209,8.66
2210,14.93
2218,2.31
2223,46.61
2224,8.26
2228,17.1
2229,32.14
2230,5.98
2231,36.76
2232,21.77
2240,11.57
2245,12.25
2250,6.92
2255,8.3
2260,23.51
2264,8.29
2268,23.68
2272,51.69
2279,4.03
2281,14.17
2282,45.81
2284,0.9
2285,3.29
2286,12.4
2288,8.07
2292,7.69
2294,36.78
2295,19.33
2296,50.13
2297,47.47
2298,2.73
2300,10.0
2301,34.9
2303,15.58
2306,5.04
2308,8.44
2311,11.0
2312,6.9
2313,19.59
2314,21.31
2315,9.32
2316,7.5
2317,5.1
2318,12.55
2319,26.01
2320,4.51
2321,6.1
2323,5.55
2324,12.12
2325,6.02
2326,9.03
2327,5.48
2329,1.95
2332,11.82
2334,23.8
2340,4.94
2341,5.0
2342,30.69
2343,60.45
2344,12.94
2346,9.79
2347,1.31
2348,26.85
2350,12.28
2356,6.66
2357,3.01
2358,3.46
2359,9.32
2360,2.68
2362,12.0
2368,10.78
2369,5.68
2371,0.65
2372,10.04
2373,0.3
2375,3.1
2376,3.23
2377,18.19
2378,9.72
2379,5.0
2381,10.04
2383,26.08
2385,4.55
2389,29.78
2390,33.45
2391,5.91
2392,5.08
2395,60.32
2396,13.58
2405,10.7
2406,2.45
2407,3.3
2409,5.44
2411,11.48
2414,24.59
2418,5.72
2425,17.39
2426,18.4
2431,10.93
2432,10.96
2433,25.85
2436,32.75
2438,8.82
2439,20.12
2445,0.75
2446,3.16
2447,20.46
2448,20.78
2449,17.76
2450,11.14
2452,10.46
2454,29.63
2455,36.32
2456,23.44
2457,21.88
2458,8.19
2460,13.33
2461,9.15
2464,13.8
2466,28.55
2472,3.19
2473,7.21
2474,11.55
2475,0.22
2478,45.99
2479,7.02
2482,0.62
2483,6.04
2484,15.69
2485,14.87
2486,3.3
2488,31.19
2489,5.78
2492,30.36
2494,5.5
2497,30.86
2499,6.27
2500,1.0
2501,26.1
2502,19.9
2503,18.22
2504,36.92
2505,24.31
2506,2.32
2507,45.8
2509,5.18
2517,24.25
2518,16.97
2519,10.61
2529,42.4
2532,6.02
2533,38.24
2537,22.9
2538,0.37
2539,23.8
2540,27.6
2541,0.64
2543,34.48
2544,8.88
2547,13.84
2552,21.75
2553,5.09
2554,13.36
2555,28.57
2556,0.1
2560,10.0
2561,8.65
2569,6.18
2570,12.47
2572,25.64
2573,8.53
2574,24.73
2575,33.63
2576,0.1
2577,37.5
2578,4.6
2579,24.9
2580,20.6
2581,11.0
2582,11.58
2583,6.06
2584,0.39
2585,48.05
2587,10.87
2592,3.71
2593,2.2
2594,22.69
2597,31.08
2601,7.01
2602,30.0
2605,15.74
2606,3.93
2607,35.38
2608,18.83
2609,12.58
2611,11.7
2612,10.2
2613,11.14
2616,1.76
2617,7.51
2619,46.53
2621,14.01
2629,8.7
2630,12.3
2647,10.9
2649,0.5
2670,16.53
2671,3.8
